,Date,Agas,Almas,Aminyekom,Asam,Asas,Atimes,Atlas,Bazr,Firouze,Ofogmellat
0,13980821,13720.59,35468.43,10130.9,41147.14,31107.28,44760.34,46094.09,9242.45,35456.38,28570.07
1,13980822,13835.06,35436.18,10136.9,40524.74,31107.28,44521.64,46312.8,9242.45,35619.54,28521.56
2,13980825,13770.04,35184.01,10154.92,40541.59,31705.73,44475.89,46241.57,9242.45,34507.15,28521.56
3,13980826,13493.89,34371.8,10158.92,41278.96,31033.96,43322.2,45003.54,9242.45,35032.15,28464.32
4,13980827,13579.0,34650.36,10166.93,40566.37,31520.45,43792.63,46560.61,9242.45,34020.54,28464.32
5,13980828,13643.52,34720.73,10169.93,41308.69,31520.45,44021.38,46084.05,9242.45,35091.66,28279.03
6,13980829,13672.64,34888.84,10175.94,41035.15,31520.45,44396.33,45985.73,9242.45,34322.87,28612.75
7,13980902,13728.12,35004.17,10023.8,40958.84,31377.77,43949.77,45677.73,9242.45,34136.68,28377.01
8,13980903,13751.21,34974.85,10031.81,41246.25,31010.18,44026.35,45676.73,9242.45,34448.61,28477.91
9,13980904,13858.91,34974.85,10038.82,41097.59,31704.73,44057.18,46394.06,9242.45,34692.39,28426.49
10,13980905,14039.92,35460.61,10043.82,41098.58,31705.73,44980.14,46424.16,9242.45,34767.25,28603.05
11,13980906,14176.23,35639.48,10047.82,41317.61,31840.47,44946.32,46936.83,9242.45,34692.39,28804.84
12,13980909,14462.67,36252.3,10065.84,41042.09,32704.46,44867.75,46590.7,9242.45,34749.98,28838.79
13,13980910,14787.78,36517.17,10067.84,40806.21,33227.6,46129.85,46653.91,9242.45,34882.43,28890.21
14,13980911,14695.39,36416.5,10074.85,41169.94,33236.52,46332.74,47490.63,9242.45,35217.39,29432.51
15,13980912,14422.51,36973.61,10081.85,41274.0,32950.18,46206.43,47675.23,9242.45,35039.83,29407.28
16,13980913,14878.91,36973.61,10085.86,41246.25,32950.18,46779.3,48066.51,9242.45,35230.83,29502.35
17,13980916,15056.14,37212.09,10094.87,41762.61,34253.08,47525.23,48234.05,9242.45,35550.44,29861.3
18,13980917,15420.16,38065.35,10099.87,42029.22,34568.16,48014.55,49626.59,9242.45,35200.12,30105.77
19,13980918,15525.09,38487.58,10106.88,42477.19,34996.19,48515.81,50604.77,9242.45,35935.31,30738.29
20,13980919,15581.58,39068.15,10112.88,42585.22,34973.4,49000.16,51358.23,9242.45,36267.4,30945.89
21,13980920,15517.56,38856.06,10121.89,42695.23,34932.77,49018.07,51463.57,9242.45,37005.47,30759.63
22,13980923,15689.78,39601.81,10134.9,43353.31,35253.79,49273.67,51413.41,9242.45,37882.72,31856.84
23,13980924,15741.5,39635.04,10141.91,43719.03,35425.2,49755.04,51436.48,9242.45,37723.39,32056.68
24,13980925,15741.75,39904.8,10147.91,43610.01,35648.13,49295.55,51835.78,27142.31,36996.83,31955.79
25,13980926,15804.51,39944.87,10150.91,43632.8,35789.82,49322.4,52024.4,26909.4,37092.81,31958.7
26,13980927,16045.51,40319.21,10157.92,43443.5,36416.01,49224.93,52564.15,27026.78,37471.93,31751.1
27,13980930,16172.04,40634.91,10177.94,43804.26,37237.38,50227.45,53252.39,27252.29,38371.25,32162.43
28,13981001,16761.49,40561.6,10019.8,44559.47,37310.7,51202.13,53658.72,28069.33,38377.97,32338.02
29,13981002,16457.73,39902.84,10022.8,45096.64,38129.11,51893.35,54150.32,28012.95,38132.26,32983.15
30,13981003,16502.66,40847.98,10027.81,45110.52,38396.62,52334.94,54401.13,27941.78,38565.12,33032.63
31,13981004,16456.22,40941.81,10033.81,45138.27,38171.71,52231.5,53822.25,28268.04,38920.24,32805.62
32,13981007,16701.99,41990.54,10046.82,44329.54,39037.67,52998.31,54974.0,28282.83,39414.53,33032.63
33,13981008,16792.62,42238.8,10053.83,45508.94,39247.72,52551.75,55797.68,28449.19,39694.79,33189.78
34,13981009,16934.21,42917.11,10064.84,45027.27,39758.98,53397.13,56063.55,29086.0,38482.58,33613.73
35,13981010,16949.02,42850.64,10075.85,45832.03,40313.83,53634.83,56794.93,28728.31,38765.72,34570.27
36,13981011,17057.72,43603.23,10080.85,45886.54,41486.94,55124.69,58647.96,28955.68,39643.92,34134.68
37,13981014,16321.16,42046.25,10090.86,45046.1,38502.64,53389.17,54611.82,28708.9,38098.67,34144.38
38,13981015,16302.33,41184.2,10124.89,44094.65,38777.09,52491.08,56055.52,28181.16,40609.47,33931.93
39,13981017,16001.08,39326.18,10132.9,44909.33,38170.72,51073.83,53004.59,27685.76,41976.2,33586.56
40,13981018,15682.0,38765.16,10128.9,44068.88,37426.63,50505.93,51990.29,27320.69,41156.54,32929.79
41,13981021,15995.55,39540.23,10130.9,44167.99,38174.68,51515.41,53029.67,27864.14,41979.08,33558.43
42,13981022,16906.09,41164.65,10139.91,44391.98,39580.63,53919.28,57017.65,28821.66,43401.48,34537.28
43,13981023,17407.68,42310.15,10143.91,45002.49,40395.08,55337.52,58832.56,29355.88,44701.03,34766.23
44,13981024,17764.66,42448.94,10151.92,46188.83,40424.8,55477.76,58883.73,30389.18,45534.12,35539.42
45,13981025,17910.52,42404.96,10158.92,46397.95,41044.05,56293.3,59663.27,31132.27,45476.54,36033.21
46,13981028,18428.93,44015.69,10169.93,47272.09,42392.54,58058.65,61551.42,31673.88,46749.21,36442.6
47,13981029,18424.41,43532.86,10170.93,47001.52,42683.83,57722.49,62428.27,31473.32,47197.43,37836.67
48,13981030,18558.97,43806.53,10176.94,47905.4,43145.55,57321.68,61770.13,31150.76,47224.3,38073.37
49,13981101,18366.17,43328.59,10018.8,47923.24,43103.93,56516.08,60827.06,31089.76,48272.39,38009.35
50,13981102,18440.47,43480.08,10025.8,47387.06,42935.5,56454.42,60822.04,31089.76,49652.56,37808.53
51,13981105,18890.35,44468.22,10033.81,47979.73,43178.24,58599.69,61800.23,32142.47,50791.83,38599.18
52,13981106,19094.95,44535.66,10037.82,47826.11,43997.64,58614.61,62466.4,31706.23,53181.69,38958.13
53,13981107,19024.4,44391.99,10045.82,47548.6,44196.79,58837.39,63398.43,31891.08,55648.34,38906.71
54,13981108,19501.39,44998.94,10053.83,48012.44,45296.58,60360.07,64106.74,32603.67,58428.84,39348.11
55,13981112,20196.28,44992.1,10074.85,48021.36,45622.56,61223.35,64440.83,33194.27,60764.95,39806.98
56,13981113,19744.9,44828.88,10082.85,48183.89,45824.68,61300.93,64036.51,32312.54,60811.98,39470.35
57,13981114,20092.35,45582.44,10085.86,48528.79,46731.27,62996.66,64731.77,33625.89,60192.92,39772.06
58,13981115,20379.54,45691.91,10090.86,49162.1,47119.66,63235.35,65426.03,33698.9,59028.7,40277.49
59,13981116,20542.97,46243.16,10096.87,49956.96,47601.19,63658.04,65760.12,34304.28,57063.06,40327.94
60,13981119,20844.23,46955.67,10112.88,50139.32,47692.35,64255.78,67524.87,34949.41,55370.96,41593.94
61,13981120,21027.24,47425.8,10117.89,50515.93,48491.93,63579.47,67937.21,34687.85,55372.88,41607.53
62,13981121,20512.35,46282.25,10127.89,50099.67,48150.1,61910.59,66910.87,34411.5,53586.72,41038.07
63,13981123,20673.52,47664.28,10132.9,49776.58,49194.41,63535.71,67626.2,34161.95,54926.58,41202.02
64,13981126,20877.87,48272.22,10151.92,50252.3,50032.63,63863.92,67391.43,34534.42,54623.29,41730.73
65,13981127,21406.57,49436.28,10155.92,50540.71,50775.73,63899.72,68504.06,35034.44,55210.68,41207.84
66,13981128,22224.47,49436.28,10163.93,51197.8,52441.27,64911.19,70227.67,35765.52,55905.56,41673.49
67,13981129,22413.76,48997.44,10167.93,50690.36,53243.82,64648.63,70424.31,35527.06,56085.04,41609.47
68,13981130,22477.52,49373.73,10175.94,51154.2,51664.48,64689.41,71486.77,35258.11,55765.43,41389.25
69,13981203,22402.71,49670.86,10025.8,51675.51,50737.09,63530.74,72534.18,36126.9,54924.66,41597.83
70,13981204,23320.78,51297.23,10030.81,52028.34,51651.6,66037.04,75205.88,37240.61,56874.94,43013.23
71,13981205,24313.41,51227.84,10035.81,52479.28,52299.58,67145.98,76842.21,37400.51,57895.19,43635.08
72,13981206,25878.67,52428.07,10039.82,52224.57,52739.5,69859.15,76937.52,38295.17,57809.77,45378.39
73,13981207,24691.48,53381.02,10045.82,53122.5,53353.8,71362.93,77887.61,38757.3,57497.84,46140.9
74,13981210,23229.15,50982.51,10065.84,52999.61,52033.06,68431.95,74799.55,37127.85,55846.05,44784.67
75,13981211,23835.92,52939.24,10068.84,53114.57,52558.18,69601.56,77275.62,37685.17,56053.37,44561.55
76,13981212,24192.91,53220.73,10079.85,52429.73,53196.26,71713.01,77856.51,38748.06,55979.46,44546.99
77,13981213,24339.52,54800.19,10086.86,54792.49,54165.27,73757.84,79335.32,39744.39,56869.18,45961.43
78,13981214,24677.42,55763.89,10092.86,55028.37,56457.0,75503.3,80366.68,40782.32,59189.95,47979.28
79,13981217,24586.8,55231.22,10100.87,54986.75,57287.29,74652.94,80377.72,40782.32,59162.11,48112.19
80,13981219,23419.94,52793.61,10119.89,51761.73,54061.23,71481.28,76222.19,38593.71,56531.34,47286.62
81,13981220,22569.15,50772.37,10122.89,51215.64,52336.24,70399.2,72834.15,38155.61,57160.96,46355.3
82,13981221,23907.97,50772.37,10128.9,52524.87,54577.44,72294.83,75904.15,38452.3,57934.55,45598.6
83,13981224,22537.27,50772.37,10150.91,52471.36,51233.48,70423.06,71455.67,37086.26,56591.81,44402.45
84,13981225,22144.89,49823.33,10184.94,50104.63,49385.63,68489.63,70016.98,36114.88,55279.78,44152.15
85,13981226,23337.6,51256.18,10065.84,51809.31,53204.19,70359.41,74547.73,37406.05,57094.73,44367.52
86,13981227,22875.93,50701.02,10118.89,50752.8,53134.83,69112.23,73290.64,37613.08,56770.33,43961.04
87,13981228,23214.84,50596.44,10146.91,51660.64,53538.09,71173.96,74786.51,38319.21,57941.26,43297.48
88,13990105,23303.46,51839.68,10141.91,51995.63,52933.7,72366.44,74724.31,37967.07,57586.14,45155.26
89,13990106,23930.07,50419.54,10166.93,52880.68,54376.31,75036.85,76863.27,37749.87,58388.52,47656.23
90,13990109,24861.44,51471.21,10165.93,52813.28,56134.99,76980.22,79568.08,40172.32,58843.46,49100.74
91,13990110,25430.56,52938.27,10190.95,53309.82,58275.12,79497.46,81325.8,41186.21,58944.24,50524.88
92,13990111,25069.56,52710.53,10173.93,53409.92,57610.29,79903.25,79968.38,41229.65,58674.54,49431.55
93,13990116,26361.93,53612.66,10151.92,53676.52,59488.86,83442.9,83264.12,41405.26,60643.06,51408.66
94,13990117,27362.09,55246.86,10126.89,56263.27,61146.47,84410.61,84149.0,43556.9,61320.67,52267.22
95,13990118,27315.4,54167.82,10132.9,55626.99,61063.25,82298.16,82205.67,43344.33,61160.38,51358.21
96,13990119,28252.8,54762.07,10147.91,57102.73,62726.81,83153.48,85410.1,44324.03,61588.45,52584.45
97,13990120,29459.32,56342.51,10158.92,57087.86,64825.33,84615.49,87705.58,46214.11,63500.34,55035.94
98,13990123,30752.45,57660.03,10168.93,56908.47,65635.81,86361.94,87567.13,47293.63,65059.99,56585.23
99,13990124,31855.29,59541.5,10179.94,58195.9,67341.97,87513.65,90601.01,47779.78,69114.12,58665.17
100,13990125,32512.52,60180.71,10188.95,58249.42,67984.01,88520.15,91451.78,49190.18,69668.88,59829.31
101,13990126,31597.97,58986.34,10200.96,57846.04,67477.71,88643.47,90027.14,48868.54,69126.6,57612.59
102,13990127,32036.79,61105.32,10195.95,59399.09,69643.61,92094.61,93808.45,50172.65,72075.06,59762.37
103,13990130,33099.97,63051.3,10196.96,61140.43,72396.06,94322.43,96672.78,51872.34,74649.2,62236.18
104,13990131,34306.99,67483.75,10201.96,61860.96,74283.54,97345.9,99354.51,54669.1,77524.72,65542.36
105,13990201,35153.76,70880.18,10031.81,63051.26,75136.62,99218.67,100541.37,54694.06,78615.99,67191.56
106,13990202,36042.46,75091.74,10051.83,64772.78,77047.89,101404.72,103402.69,56176.55,82873.6,68173.32
107,13990203,37222.87,74327.42,10080.85,65612.24,79369.34,103783.71,104794.22,57862.37,85334.49,68537.12
108,13990206,39160.43,73611.0,10082.85,68732.19,82991.72,107828.6,110319.21,60048.21,89358.87,71438.75
109,13990207,41381.68,74672.44,10092.86,70320.91,84038.01,120943.92,115394.74,62299.67,92825.61,74010.54
110,13990208,44571.45,77484.39,10119.89,71690.6,85444.95,118842.4,125711.33,63310.79,97631.26,77202.24
111,13990209,46999.55,85829.33,10144.91,73915.6,87894.22,137704.3,135701.86,66340.47,104480.28,80821.76
112,13990210,43826.6,88886.6,10171.93,75558.83,89649.92,154437.84,133332.14,67992.1,104160.67,82623.28
113,13990213,45675.29,91844.17,10151.92,77036.55,92943.35,144683.16,136561.66,70694.59,107518.0,87119.79
114,13990214,47268.67,94748.97,10184.94,80216.96,95927.65,143747.27,137725.45,74050.52,110140.14,94321.97
115,13990215,45211.61,90821.82,10237.99,79578.7,95269.76,136740.57,129148.52,74751.1,108013.25,91964.58
116,13990216,43497.73,87487.95,10303.05,78671.85,92757.08,131515.13,126866.09,72956.22,105583.08,89450.99
117,13990217,42800.83,85884.06,10221.98,76715.44,93657.72,129344.0,126408.6,72925.72,106032.26,88658.4
118,13990220,46218.05,92665.18,10246.0,79946.39,98241.18,140229.5,133412.4,77817.75,112478.17,94986.5
119,13990221,47201.39,97264.77,10292.04,83023.73,101852.66,145157.56,137825.77,80060.89,117143.69,99496.6
120,13990222,46248.17,95820.19,10376.11,81330.95,100845.01,145638.93,135059.77,79418.54,116040.89,99331.68
121,13990223,43236.64,88103.71,10338.08,79412.2,95321.28,134797.19,128135.22,76582.96,107286.69,91973.31
122,13990224,43223.84,90700.63,10279.03,79003.87,95262.82,137648.61,128616.79,76500.7,110000.97,91821.0
123,13990227,41346.53,85989.62,10361.1,75200.06,90075.97,131264.5,122202.9,72656.76,101905.18,86077.88
124,13990228,40080.01,82733.94,10479.2,73728.29,88105.26,127749.72,119127.89,70338.76,98418.28,84224.95
125,13990229,42732.04,88486.84,10257.01,76510.28,94937.84,134903.61,126079.53,75189.19,106977.64,89498.53
126,13990230,43315.47,88570.9,10253.0,77365.59,96211.02,134931.46,127307.52,75820.45,107726.28,89138.61
127,13990231,41311.63,84394.52,10247.0,76254.58,93802.38,128829.81,125093.32,72620.72,103743.17,84765.31
128,13990303,39678.84,80259.19,10075.85,75758.04,91638.46,123425.35,121081.25,69087.33,93381.33,82847.38
129,13990306,37609.98,74656.8,10085.86,76148.53,86712.19,116191.89,115740.86,68728.76,91999.79,80183.59
130,13990307,39903.27,78413.88,10100.87,79247.67,89957.07,120718.15,119175.04,73574.72,96780.31,85862.05
131,13990310,42265.6,84313.4,10127.89,80889.91,94567.28,130223.2,126911.23,78010.89,106818.05,90809.5
132,13990311,41470.55,82872.73,10133.9,78934.49,93174.21,126805.87,124707.06,75461.3,105252.05,88017.05
133,13990312,42344.43,83334.06,10165.93,80369.59,95078.53,124631.76,126790.84,76071.16,105393.8,89194.46
134,13990313,43845.93,85767.75,10154.92,81883.98,98684.07,128427.01,130557.11,79365.91,106967.56,92064.88
135,13990317,46240.89,89071.32,10139.91,84999.97,102291.59,133672.34,135096.89,82564.01,113913.1,96606.86
136,13990318,48765.9,93983.67,10135.9,88288.41,107226.78,144422.58,141688.35,87022.41,121427.57,104717.13
137,13990319,47413.52,91824.62,10140.91,89211.12,104970.72,139883.39,140380.09,84376.17,118925.66,102587.47
138,13990320,47201.89,90852.12,10151.92,92125.92,106211.21,139098.68,140813.5,84083.33,116584.91,101666.4
139,13990321,48604.98,92810.81,10163.93,93141.79,111499.13,143023.23,145436.55,86041.43,120972.24,105737.62
140,13990324,51005.72,94210.43,10178.94,98946.61,117314.16,150949.9,150119.8,90134.5,127561.47,111639.28
141,13990325,49706.56,90791.53,10188.95,101934.75,114694.47,147948.31,149783.71,88394.82,125037.23,110089.54
142,13990326,49931.0,91469.83,10208.97,102618.6,117541.05,148344.15,152125.33,88907.06,126056.64,113218.25
143,13990327,50993.42,92673.0,10218.97,104701.88,122061.1,151771.41,155093.0,96793.58,127377.01,115645.19
144,13990331,52811.98,95320.74,10259.01,106723.7,127039.89,158957.13,162405.81,99654.38,131056.57,118384.03
145,13990401,53676.83,95966.8,10058.83,103904.05,127769.12,159147.1,165743.68,98504.27,131493.46,117438.59
146,13990402,56781.5,98089.68,10068.84,105067.59,131953.28,165029.94,174236.33,101442.38,136270.1,120927.93
147,13990403,60533.61,105633.16,10108.88,112733.68,136739.86,176010.92,181781.9,107772.87,144202.04,129738.99
148,13990404,59819.39,105308.67,10118.89,121703.06,135800.58,179260.16,177813.98,105675.59,147493.26,133091.87
149,13990407,62276.36,110740.01,10148.91,124937.98,141727.57,187940.71,184075.37,110469.36,154794.13,139368.78
150,13990408,61534.53,112377.14,10168.93,122158.96,139688.49,190627.03,186933.67,108951.98,156580.52,141688.51
151,13990409,59394.37,110038.25,10158.92,115668.3,138166.62,184685.5,180806.72,106255.48,154900.93,137127.03
152,13990410,64620.11,118261.02,10178.94,119809.08,144127.29,198426.39,190356.82,115195.48,165085.26,144281.14
153,13990411,68756.07,124883.8,10188.95,124188.72,152692.79,211013.59,198440.14,120395.18,177211.32,149778.31
154,13990414,68859.0,126905.03,10238.99,124829.95,152575.88,212254.81,198102.04,116906.16,177871.51,147468.33
155,13990415,69427.11,129219.49,10299.04,126437.5,156741.22,216660.72,200549.01,121168.36,184706.37,148823.13
156,13990416,74432.69,136170.67,10409.14,130134.27,164061.28,230951.61,215615.06,128967.91,194803.33,158306.72
157,13990417,74749.01,137000.48,10389.12,129893.44,163387.53,234628.51,219834.8,128813.27,195715.94,159534.81
158,13990418,70948.44,132667.71,10409.14,126730.87,157537.82,229639.78,208176.84,124425.42,189182.04,154973.33
159,13990421,68376.24,127287.19,10419.15,122057.87,152459.95,223520.23,200315.24,119902.27,183725.8,150626.28
160,13990422,74120.64,136989.72,10439.17,129246.26,162966.44,241177.71,215823.74,130272.66,197609.12,162000.73
161,13990423,72161.24,136288.94,10459.19,126111.43,161073.01,241936.57,213463.05,129025.9,196706.22,158608.87
162,13990424,72265.17,136101.28,10489.21,123427.56,160132.74,246598.09,212064.5,129799.09,200424.62,158891.52
163,13990425,69596.32,131426.43,10589.3,120976.59,156367.68,241603.39,203532.72,126889.96,194308.19,154856.37
164,13990428,66824.28,131112.69,10709.41,122124.27,154557.48,235047.22,198188.32,124174.14,187356.82,155226.74
165,13990429,71028.02,135707.39,10729.42,126480.12,163180.45,243358.79,209336.62,130205.01,196871.26,162234.66
166,13990430,73358.22,138956.23,10769.46,128820.09,171592.38,253352.17,218053.0,134592.86,206696.38,171854.7
167,13990431,71188.94,133421.28,10779.47,128778.46,169237.24,248570.31,217321.62,128117.4,202531.39,169525.23
168,13990501,70643.68,131309.15,10719.41,128488.07,167040.62,249675.27,213746.98,126290.74,200084.82,162419.85
169,13990504,72687.43,135335.98,10679.38,132756.7,170151.75,258436.38,220771.85,129625.12,208841.99,166425.76
170,13990505,72308.1,133148.59,10589.3,136465.37,165755.55,255352.24,222985.06,127266.89,207434.24,162439.34
171,13990506,70907.27,131106.83,10549.26,137929.21,162034.09,249990.54,218803.44,126522.7,201036.26,160295.05
172,13990507,71732.46,132582.68,10509.23,143774.67,166508.56,256815.24,222106.2,127160.58,203987.68,162029.98
173,13990508,70105.94,132648.17,10589.3,145617.11,164511.1,254281.09,215043.2,126261.75,197531.45,159213.16
174,13990511,72166.26,134446.56,10569.28,146636.94,168099.79,266174.08,221977.78,127382.87,202609.06,164466.66
175,13990512,73934.62,134312.66,10509.23,148294.04,170375.67,271554.67,228673.58,131113.51,207560.45,170178.26
176,13990513,73643.16,134887.36,10539.26,146509.09,169315.51,266418.75,226538.63,133172.12,206405.12,169554.47
177,13990514,73234.71,134943.07,10569.28,144467.44,170631.3,266175.08,226943.95,133491.06,205133.29,168911.18
178,13990515,73782.74,135295.91,10629.33,143920.36,173011.21,271261.28,228469.92,135549.68,205774.06,170938.5
179,13990519,75611.34,137208.66,10659.36,146653.79,177038.83,278669.78,234000.93,139850.54,212074.95,174398.6
180,13990520,74778.63,137150.99,10699.4,144603.22,176285.81,276097.84,234438.35,139000.03,212482.72,175256.32
181,13990521,73613.53,135748.44,10629.33,138448.54,169097.53,274880.49,222569.71,135337.05,210133.23,169252.32
182,13990522,76643.39,137466.69,10649.35,138787.49,172806.11,277700.08,224989.59,135559.34,214958.41,173336.21
183,13990525,74357.88,136069.02,10719.41,132724.99,168611.05,262920.86,214794.39,131538.76,204657.57,163355.53
184,13990526,73189.02,135116.07,10729.42,128816.12,163795.74,253957.86,207639.09,127914.44,196055.74,158667.35
185,13990527,75372.35,134571.67,10689.39,129433.57,168472.34,258062.42,209382.77,131683.73,205735.23,168609.03
186,13990528,80126.38,139348.16,10699.4,132559.48,178259.5,268488.43,219990.31,129151.54,200511.99,166152.85
187,13990529,75629.92,133124.15,10789.48,128409.78,168429.73,253418.8,208045.41,126184.43,190492.71,157419.76
188,13990601,77560.96,135803.18,10589.3,127671.41,167748.06,260437.44,209360.7,124009.83,195745.07,154749.15
189,13990602,73479.73,131112.69,10609.32,121251.12,162945.63,247220.68,193296.39,118897.12,185793.74,151064.88
190,13990603,69310.88,127540.34,10489.21,118677.26,153779.7,239187.59,184625.16,116036.32,177172.49,143901.02
191,13990604,74095.29,132896.42,10429.16,122935.98,163836.36,249833.4,201211.16,123024.02,188007.3,157107.87
192,13990605,80164.54,139499.66,10479.2,125658.51,176180.79,265021.38,215912.03,131886.7,202414.88,167829.29
193,13990610,79649.65,135930.24,10539.26,121843.79,175601.17,270706.31,211632.09,128677.96,198783.86,169067.13
194,13990611,75258.88,126810.23,10589.3,118021.15,165183.86,251309.33,200324.27,119554.33,190288.82,154203.33
195,13990612,72623.41,122999.39,10639.34,115203.48,159075.55,241721.74,191820.59,115978.33,180085.07,147468.33
196,13990615,76822.13,127721.15,10649.35,117370.01,164654.77,252920.53,204086.52,119380.37,192240.26,156035.72
197,13990616,76615.77,128314.43,10649.35,116303.59,165471.19,260313.12,205984.7,118955.11,196191.66,157234.57
198,13990617,71355.39,122868.42,10649.35,112001.27,155387.78,242223.99,193375.65,112112.39,182958.82,142653.44
199,13990618,67781.77,118015.69,10659.36,108735.62,143816.18,220869.72,182803.22,108178.79,174434.66,135421.35
200,13990619,67781.77,122520.47,10629.33,112523.57,151290.8,238075.67,188708.45,114431.96,182085.05,142721.66
201,13990622,67781.77,129191.15,10609.32,113736.67,162100.48,256594.45,201888.37,117891.98,194851.87,150967.41
202,13990623,67781.77,123815.51,10549.26,109559.22,159865.22,242392.08,199409.29,112982.23,192609.18,143092.04
203,13990624,67781.77,125890.51,10499.22,110495.8,164876.71,241724.72,204915.22,117109.12,201385.77,147439.09
204,13990625,80360.06,131024.73,10429.16,111734.66,171962.94,253156.24,213925.56,120385.51,210405.07,155782.31
205,13990626,82519.03,129440.38,10429.16,111022.07,172553.46,253728.11,215813.71,120056.91,210958.46,157604.95
206,13990629,81142.31,125606.09,10509.23,109750.5,170957.27,247442.47,214493.41,118520.19,209647.8,152059.05
207,13990630,76694.82,121080.78,10499.22,107702.9,165616.84,240316.42,206701.04,115475.76,203890.59,146795.8
208,13990631,73866.06,118924.66,10519.24,105311.4,160114.9,229266.82,197446.9,110382.38,193308.2,142877.61
209,13990701,77319.42,120840.34,10319.06,108463.07,164276.28,236111.41,206529.48,113842.4,199706.18,146912.77
210,13990702,79909.18,122833.24,10339.08,107624.61,166817.69,239543.65,212946.37,118761.81,202162.46,150967.41
211,13990705,78732.29,120730.87,10339.08,105116.15,168339.57,235767.29,211493.64,115475.76,202278.96,150275.39
212,13990706,73422.22,117279.72,10339.08,101716.71,162701.89,228579.58,200832.93,109918.47,191473.28,140713.83
213,13990707,70356.47,112729.98,10369.11,100178.53,155716.73,219950.74,191805.54,106845.04,177570.54,136483.74
214,13990708,73377.03,116863.35,10359.1,100583.89,159314.33,222714.63,195979.13,107521.58,182560.77,142799.64
215,13990709,75538.01,118508.29,10329.07,101455.06,162269.9,223520.23,203088.27,108652.37,185405.39,142906.85
216,13990712,78855.8,122444.24,10329.07,102922.87,167074.31,231369.33,209906.47,113436.48,193531.5,146464.42
217,13990713,75529.98,119662.59,10349.09,102068.55,163239.9,223396.9,202912.7,113813.41,190269.41,139963.33
218,13990714,73994.59,117576.84,10359.1,101338.11,161594.17,220666.83,199714.29,109454.55,186774.31,138101.7
219,13990715,76579.92,119976.76,10349.09,100612.9,159965.04,222375.24,202303.39,109454.55,190220.86,143433.18
220,13990716,75001.97,120045.91,10359.1,103159.49,165535.09,222840.9,200664.22,113533.12,191123.77,143511.15
221,13990719,73175.12,117875.51,10389.12,103922.09,164840.67,218190.17,198604.39,113262.51,188949.04,141971.16
222,13990720,75520.41,120950.56,10379.12,105944.21,168096.98,224079.72,204432.34,117138.12,193512.08,145938.09
223,13990721,73533.21,117332.91,10379.12,107078.76,164409.11,218979.05,203016.33,115166.49,187929.63,142487.74
224,13990722,73394.5,115581.23,10399.13,107127.96,163489.11,218826.77,202652.95,114209.66,187784.0,142741.16
225,13990723,71956.24,115257.59,10409.14,106296.48,163530.3,216551.51,200888.37,112817.92,185987.91,141863.95
226,13990727,68581.94,113918.86,10409.14,103460.6,158400.64,210932.13,196990.89,109473.88,180444.29,138208.92
227,13990728,63880.54,111931.9,10409.14,101188.54,150834.63,192567.95,188054.45,104438.49,171075.48,131113.28
228,13990729,62725.61,114115.74,10409.14,99605.29,146861.35,186771.74,180437.24,101316.74,165580.4,125528.4
229,13990730,66041.87,116417.7,10399.13,101547.7,154275.33,195419.89,188789.11,104477.15,169327.93,130928.1
230,13990803,62213.07,110528.82,10218.97,98729.53,148697.44,188215.88,179531.74,100456.57,158483.41,124963.08
231,13990805,60166.84,107736.12,10218.97,97164.97,145540.19,179908.63,173111.32,98533.26,152172.81,119621.87
232,13990806,59682.83,105988.28,10208.97,95776.55,141802.31,179368.3,172206.82,97151.18,147153.46,115401.52
233,13990807,60371.47,104078.14,10208.97,95272.74,141954.33,179017.58,172091.29,97363.81,146551.52,113091.54
234,13990810,63818.57,107634.32,10218.97,96661.17,147410.61,185334.47,178833.61,100379.25,154153.37,119290.48
235,13990811,61549.03,105700.17,10219.98,94902.76,145437.21,179118.77,173383.86,96329.67,148541.79,114865.45
236,13990812,61032.55,105548.44,10220.98,94441.26,146741.69,177472.25,172375.67,94638.32,145085.52,114309.89
237,13990814,64370.46,106609.63,10215.97,95495.13,150681.63,185384.58,179431.02,98156.33,153269.88,120411.35
238,13990817,59701.53,103731.45,10219.98,93422.82,143071.48,171208.41,168257.01,93062.95,140677.81,113130.53
239,13990818,56275.08,101682.06,10231.99,91493.2,134558.99,164869.9,162514.97,90163.49,127852.73,104485.16
240,13990819,58219.0,102032.59,10237.99,91507.96,135936.05,169246.54,165990.8,91719.53,132134.23,107116.78
241,13990820,59778.26,100683.29,10244.0,91919.27,141261.88,172486.52,168983.77,92405.74,136027.38,112282.56
242,13990821,60282.93,102105.57,10248.0,92633.66,143950.29,181007.94,169246.43,93062.95,140580.72,117925.93
243,13990824,63688.71,105308.35,10259.01,95345.56,151452.55,189194.36,176698.74,96948.22,152017.47,128199.01
244,13990825,62856.45,105655.04,10266.02,95103.49,150886.62,187086.11,176962.39,96658.28,151687.38,127087.88
245,13990826,62591.82,104242.36,10267.02,95349.49,148779.83,184284.28,175939.39,97267.16,153464.05,124787.64
246,13990827,64186.49,105041.37,10264.01,96241.98,152812.94,187976.17,181978.65,99847.68,157862.06,126415.35
247,13990828,67852.97,113088.16,10269.02,100773.3,157456.12,197777.67,190246.59,103752.29,166706.6,130752.65
248,13990901,68784.59,109725.01,10148.91,99334.69,159896.38,199040.07,193882.39,104854.08,168308.52,131815.05
249,13990902,68027.1,106678.77,10154.92,97535.94,158784.14,196509.38,189783.48,102776.13,163813.44,127887.11
250,13990903,69878.54,109402.33,10151.92,98760.03,160476.05,203217.27,192479.22,104970.06,169920.15,129612.28
251,13990904,68431.42,109285.17,10151.92,98871.23,160455.45,200742.58,191307.12,102389.54,166182.34,126805.22
252,13990905,69110.22,108877.98,10150.91,99886.71,162165.01,203223.17,191894.65,102524.85,166094.96,126425.1
253,13990908,69420.1,110748.74,10153.92,101307.61,160821.29,203203.52,195049.56,104535.14,166658.06,127146.36
254,13990909,71480.1,113630.76,10154.92,103061.09,163954.02,212214.18,198815.71,106410.12,172085.17,130918.35
255,13990910,74197.25,119079.79,10150.91,104483.96,169412.25,219518.39,205326.97,109096.95,179298.67,136327.79
256,13990911,74643.88,120948.64,10153.92,104759.48,168754.12,220256.18,205310.18,108768.35,178492.86,136210.83
257,13990912,73555.84,122173.09,10171.93,105618.51,169487.77,217807.03,205335.86,109444.89,175842.41,135859.95
258,13990915,74049.69,121845.61,10201.96,106069.18,170401.89,219245.28,208058.26,110450.03,177735.59,138179.68
259,13990916,76021.14,125225.09,10200.96,106725.51,172490.05,223438.2,214385.86,111841.77,183094.74,146133.03
260,13990917,75233.15,126317.01,10204.96,106901.64,171975.12,225544.49,211354.38,111484.17,182813.19,145255.82
261,13990918,74354.65,127211.09,10215.97,107039.4,172206.59,223337.02,210417.29,111532.5,181453.99,144017.98
262,13990919,74815.05,131801.58,10228.98,106933.13,174141.74,225268.43,211170.71,111783.78,181987.96,143530.64
263,13990922,75907.03,134512.65,10236.99,109043.81,176929.22,229269.79,213749.94,113600.78,184162.69,145645.69
264,13990923,74697.0,130120.0,10248.0,108540.0,173106.0,226242.0,212250.0,114200.0,181920.0,144710.0
265,13990925,70848.0,124612.0,10246.0,106341.0,161064.0,213066.0,199534.0,108170.0,167240.0,133980.0
266,13990926,73288.0,128678.0,10257.0,107150.0,168961.0,214560.0,203329.0,110280.0,173130.0,138300.0
267,13990929,76116.0,131272.0,10265.0,107598.0,175269.0,222368.0,210816.0,111950.0,179760.0,144530.0
268,13990930,75564.0,131115.0,10278.0,108391.0,175525.0,220442.0,211721.0,112600.0,178630.0,143110.0
269,13991001,75952.0,130833.0,10128.0,109491.0,176181.0,220522.0,214365.0,112700.0,178330.0,143860.0
270,13991002,76424.0,130154.0,10133.0,111183.0,176244.0,225723.0,215985.0,112870.0,177100.0,144080.0
271,13991003,76524.0,132427.0,10140.0,112480.0,176897.0,228899.0,215949.0,114310.0,178220.0,149320.0
272,13991006,75307.0,134067.0,10150.0,113901.0,174500.0,227190.0,215241.0,113060.0,173310.0,144990.0
273,13991007,74354.0,132707.0,10158.0,114745.0,174147.0,225957.0,215392.0,112250.0,170500.0,144570.0
274,13991008,75371.0,132498.0,10162.0,114656.0,175510.0,226497.0,216874.0,112560.0,172560.0,144220.0
275,13991009,74619.0,131514.0,10163.0,114869.0,173719.0,224267.0,213838.0,111700.0,170500.0,144170.0
276,13991010,73370.0,131198.0,10167.0,114753.0,174744.0,223417.0,212943.0,109300.0,167690.0,141920.0
277,13991013,70224.0,123573.0,10175.0,112078.0,169737.0,214361.0,205931.0,106790.0,160680.0,137080.0
278,13991014,71607.0,126235.0,10182.0,112539.0,172537.0,215510.0,210450.0,106840.0,163500.0,139750.0
279,13991015,72723.0,128137.0,10195.0,112493.0,173965.0,214586.0,213410.0,107920.0,166020.0,141040.0
280,13991016,71087.0,129798.0,10199.0,112732.0,172131.0,212115.0,214140.0,107180.0,167280.0,138990.0
281,13991017,68678.0,128751.0,10210.0,110956.0,166286.0,205753.0,207916.0,104340.0,160520.0,135840.0
282,13991020,67936.0,127013.0,10215.0,109347.0,164241.0,202645.0,210262.0,102550.0,154570.0,133140.0
283,13991021,70916.0,126990.0,10220.0,109516.0,171680.0,207058.0,212187.0,106120.0,161460.0,136560.0
284,13991022,69971.0,126077.0,10224.0,110188.0,168413.0,203903.0,210557.0,104150.0,157700.0,136530.0
285,13991023,65982.0,122419.0,10232.0,108656.0,163081.0,198735.0,205304.0,101690.0,148440.0,132520.0
286,13991024,64858.0,117915.0,10233.0,106598.0,162362.0,191444.0,200311.0,99220.0,148980.0,130270.0
287,13991027,60920.0,112241.0,10233.0,103421.0,151621.0,177551.0,191759.0,95190.0,137920.0,122440.0
288,13991029,57768.0,108496.0,10241.0,101542.0,142572.0,165197.0,185631.0,92000.0,125790.0,120200.0
289,13991030,62543.0,112563.0,10247.0,103484.0,152925.0,178439.0,194861.0,96250.0,135880.0,124790.0
290,13991101,67987.0,114818.0,10108.0,104974.0,162813.0,191474.0,203913.0,98010.0,146070.0,129470.0
291,13991104,71056.0,117559.0,10121.0,106979.0,170274.0,198226.0,209671.0,100600.0,157390.0,131120.0
292,13991105,68241.0,115077.0,10126.0,106365.0,166700.0,191632.0,211000.0,99020.0,152820.0,129340.0
293,13991106,67186.0,114201.0,10132.0,105141.0,166074.0,188711.0,204165.0,100070.0,149650.0,127830.0
294,13991107,65565.0,109591.0,10135.0,102627.0,163455.0,179994.0,200792.0,98860.0,143940.0,124560.0
295,13991108,65797.0,108567.0,10140.0,103404.0,161744.0,179471.0,199576.0,97720.0,141820.0,121960.0
296,13991111,70350.0,115183.0,10144.0,104704.0,172979.0,189650.0,206563.0,102260.0,151450.0,128570.0
297,13991112,68985.0,115113.0,10150.0,105218.0,172345.0,190093.0,203050.0,100110.0,152630.0,127280.0
298,13991113,67142.0,111684.0,10162.0,104192.0,164528.0,184475.0,201481.0,99930.0,147960.0,124670.0
299,13991114,65960.0,111113.0,10169.0,101076.0,162816.0,178775.0,199457.0,98360.0,141940.0,122380.0
300,13991115,65382.0,110905.0,10172.0,102506.0,161420.0,175516.0,197417.0,96640.0,139870.0,121280.0
301,13991118,62679.0,109241.0,10183.0,100447.0,155803.0,166147.0,189236.0,92770.0,132780.0,115060.0
302,13991119,68107.0,113125.0,10188.0,102621.0,166308.0,178077.0,201431.0,99770.0,145020.0,126350.0
303,13991120,65629.0,109048.0,10197.0,102742.0,164067.0,174679.0,200721.0,96080.0,141130.0,123020.0
304,13991121,65672.0,109731.0,10207.0,102907.0,165115.0,177052.0,201733.0,98870.0,143110.0,122990.0
305,13991125,68767.0,115317.0,10220.0,105562.0,172262.0,185211.0,210307.0,101850.0,150420.0,128520.0
306,13991126,67168.0,113889.0,10231.0,105127.0,170849.0,182745.0,208081.0,99100.0,148520.0,126210.0
307,13991127,66455.0,113425.0,10238.0,104894.0,168009.0,185859.0,205647.0,100850.0,147120.0,125030.0
308,13991128,65455.0,111106.0,10241.0,103812.0,163701.0,183951.0,202581.0,100040.0,142880.0,124320.0
309,13991129,65621.0,111111.0,10259.0,104300.0,161661.0,182533.0,200432.0,99040.0,140280.0,123190.0
310,13991202,65049.0,110008.0,10094.0,103742.0,159457.0,182662.0,196179.0,97600.0,136170.0,122500.0
311,13991203,63433.0,109123.0,10097.0,102600.0,153906.0,179624.0,193431.0,97580.0,131440.0,121620.0
312,13991204,62592.0,108404.0,10099.0,101907.0,150424.0,178598.0,189005.0,97000.0,128280.0,117920.0
313,13991205,64263.0,110648.0,10099.0,102399.0,155048.0,180814.0,193952.0,98480.0,133540.0,118560.0
314,13991206,64900.0,111303.0,10108.0,103661.0,156143.0,179585.0,196499.0,96220.0,134860.0,118270.0
315,13991209,62707.0,108319.0,10122.0,102923.0,153163.0,177553.0,193460.0,95020.0,131090.0,117180.0
316,13991210,61906.0,108132.0,10127.0,101565.0,150365.0,173810.0,191452.0,93900.0,126160.0,113650.0
317,13991211,63121.0,109686.0,10129.0,101795.0,154011.0,177348.0,194102.0,94650.0,130420.0,114470.0
318,13991212,63794.0,111198.0,10134.0,101520.0,156595.0,178693.0,196743.0,95810.0,132990.0,116560.0
319,13991213,62425.0,109223.0,10138.0,100959.0,153817.0,176537.0,196182.0,94170.0,131140.0,118220.0
320,13991216,61553.0,108736.0,10155.0,101676.0,151921.0,175019.0,192857.0,94210.0,130820.0,118000.0
321,13991217,62664.0,108898.0,10159.0,99764.0,154058.0,175466.0,197013.0,93550.0,131990.0,118330.0
322,13991218,64370.0,110739.0,10167.0,101851.0,158035.0,178186.0,201547.0,95560.0,135170.0,119760.0
323,13991219,65007.0,109073.0,10175.0,102368.0,159424.0,179235.0,207423.0,96600.0,135310.0,122920.0
324,13991220,64711.0,108385.0,10184.0,101126.0,158241.0,177543.0,204809.0,95590.0,134310.0,121050.0
325,13991223,66202.0,109030.0,10193.0,102468.0,161125.0,180056.0,210337.0,98030.0,136750.0,123270.0
326,13991224,67100.0,109082.0,10208.0,103169.0,164207.0,181514.0,211053.0,98390.0,138450.0,126060.0
327,13991225,67577.0,109025.0,10210.0,104068.0,165913.0,182935.0,209461.0,99710.0,138450.0,124220.0
328,13991226,70832.0,110242.0,10070.0,104785.0,172290.0,189549.0,215671.0,100620.0,142570.0,129720.0
329,13991227,72251.0,110307.0,10097.0,106042.0,174115.0,190455.0,218519.0,102920.0,143010.0,131350.0
330,14000107,72735.0,109701.0,10122.0,106211.0,175768.0,194555.0,218257.0,103760.0,145170.0,132330.0
331,14000108,72124.0,110007.0,10125.0,108961.0,177419.0,191773.0,216289.0,102310.0,144500.0,131370.0
332,14000110,71688.0,110505.0,10131.0,108822.0,177552.0,191272.0,217891.0,101450.0,144180.0,131350.0
333,14000111,70543.0,109470.0,10137.0,108343.0,177274.0,188131.0,215643.0,100930.0,144530.0,130060.0
334,14000114,69114.0,111996.0,10145.0,107379.0,172533.0,186601.0,213043.0,99680.0,140400.0,128910.0
335,14000115,67532.0,113380.0,10154.0,106894.0,165966.0,182604.0,209048.0,97660.0,135250.0,124510.0
336,14000116,68498.0,113079.0,10157.0,106282.0,166425.0,184070.0,210668.0,97740.0,135890.0,125680.0
337,14000117,68440.0,113005.0,10163.0,107608.0,165358.0,183866.0,212005.0,98010.0,135420.0,125830.0
338,14000118,66538.0,113013.0,10172.0,106821.0,162466.0,182074.0,208693.0,97330.0,133700.0,125830.0
339,14000121,64385.0,109840.0,10184.0,104978.0,159567.0,179345.0,205725.0,97140.0,128630.0,124940.0
340,14000122,64124.0,109608.0,10185.0,103908.0,160539.0,178544.0,204639.0,96650.0,128410.0,124070.0
341,14000123,65128.0,110173.0,10181.0,103457.0,162558.0,178286.0,205741.0,97410.0,130100.0,124450.0
342,14000124,67341.0,110873.0,10185.0,105934.0,169036.0,183631.0,210985.0,98360.0,136250.0,127610.0
343,14000125,66692.0,109232.0,10188.0,103925.0,169498.0,181126.0,208005.0,96600.0,133990.0,125630.0
344,14000128,64315.0,108189.0,10194.0,103991.0,167126.0,177462.0,205303.0,95920.0,130420.0,124610.0
345,14000129,62574.0,108833.0,10202.0,103154.0,163397.0,176942.0,203936.0,95420.0,127460.0,123240.0
346,14000130,64197.0,110302.0,10205.0,103843.0,165502.0,177553.0,203327.0,94770.0,128350.0,122980.0
347,14000131,65571.0,109071.0,10213.0,103256.0,167679.0,177620.0,204455.0,95230.0,130490.0,124020.0
348,14000201,63875.0,108300.0,10051.0,102460.0,165762.0,176599.0,202571.0,94440.0,127940.0,122230.0
349,14000204,63386.0,108177.0,10058.0,102252.0,165161.0,176076.0,200243.0,93750.0,127460.0,121020.0
350,14000205,62161.0,107953.0,10062.0,101227.0,163166.0,175075.0,198032.0,92960.0,126040.0,120010.0
351,14000206,63467.0,107652.0,10067.0,101525.0,163944.0,175541.0,200247.0,92700.0,128120.0,120140.0
352,14000207,65034.0,107793.0,10075.0,102895.0,166496.0,177863.0,203421.0,94440.0,131690.0,121850.0
353,14000208,65841.0,107922.0,10085.0,103837.0,168127.0,178076.0,204899.0,95000.0,132310.0,122890.0
354,14000211,64392.0,107053.0,10093.0,103837.0,165550.0,176913.0,201257.0,94050.0,130470.0,122900.0
355,14000212,63065.0,106960.0,10095.0,103837.0,163449.0,174786.0,198505.0,92710.0,127880.0,124890.0
356,14000213,62662.0,106030.0,10097.0,101464.0,161766.0,173993.0,196382.0,90330.0,127510.0,121260.0
357,14000215,63322.0,106321.0,10098.0,102050.0,162338.0,174288.0,197558.0,90580.0,127730.0,121240.0
358,14000218,62279.0,106000.0,10107.0,103773.0,160609.0,174064.0,197494.0,90290.0,126550.0,121590.0
359,14000219,61132.0,106000.0,10112.0,102390.0,158065.0,172017.0,192219.0,90210.0,125020.0,120620.0
360,14000220,62312.0,106120.0,10115.0,102499.0,158617.0,172153.0,191183.0,90610.0,126170.0,121880.0
361,14000221,64006.0,107103.0,10122.0,103186.0,161630.0,173629.0,195196.0,92590.0,129850.0,123670.0
362,14000222,63930.0,105900.0,10129.0,103233.0,161847.0,172254.0,197528.0,91820.0,128640.0,124080.0
363,14000225,64593.0,107339.0,10136.0,103336.0,163567.0,171867.0,199891.0,91560.0,130950.0,125240.0
364,14000226,64335.0,106856.0,10149.0,104513.0,162903.0,172313.0,200042.0,91970.0,129810.0,124320.0
365,14000227,63224.0,105513.0,10156.0,102081.0,162017.0,170723.0,198484.0,91330.0,128610.0,123400.0
366,14000228,63904.0,106481.0,10161.0,102278.0,162265.0,174853.0,198231.0,90840.0,128760.0,123760.0
367,14000229,62532.0,106066.0,10165.0,102662.0,156736.0,170765.0,195765.0,90240.0,127570.0,122940.0
368,14000301,61241.0,102943.0,10024.0,100216.0,152742.0,169148.0,191964.0,86700.0,125760.0,121760.0
369,14000302,59963.0,100066.0,10027.0,98827.0,147446.0,167022.0,188054.0,84230.0,122000.0,120050.0
370,14000303,59742.0,99221.0,10030.0,101299.0,144437.0,164237.0,187049.0,83330.0,120430.0,116920.0
371,14000304,61016.0,98167.0,10034.0,101469.0,145141.0,166204.0,189870.0,84140.0,121880.0,116300.0
372,14000305,61008.0,97100.0,10037.0,101819.0,145590.0,166921.0,191873.0,83780.0,121320.0,116620.0
373,14000308,64106.0,100184.0,10035.0,101830.0,150752.0,169549.0,198679.0,85980.0,126280.0,121410.0
374,14000309,65397.0,101927.0,10038.0,103644.0,154159.0,169479.0,200844.0,87320.0,131090.0,123500.0
375,14000310,64313.0,99823.0,10063.0,101636.0,155815.0,165394.0,196454.0,86340.0,127810.0,120800.0
376,14000311,63692.0,99069.0,10068.0,102531.0,154644.0,165329.0,195329.0,86420.0,128070.0,120260.0
377,14000312,64645.0,101167.0,10075.0,102382.0,156512.0,167496.0,198709.0,87720.0,130210.0,121420.0
378,14000317,65133.0,100539.0,10086.0,102874.0,157381.0,169078.0,198302.0,87720.0,130530.0,122390.0
379,14000318,65500.0,101034.0,10087.0,103818.0,157895.0,168839.0,200232.0,87780.0,132300.0,123540.0
380,14000319,64464.0,98143.0,10093.0,103339.0,155166.0,167437.0,196582.0,86360.0,130070.0,122540.0
381,14000322,64640.0,99000.0,10102.0,102334.0,154703.0,166902.0,195663.0,86630.0,131040.0,122070.0
382,14000323,64540.0,98377.0,10112.0,102453.0,152843.0,166008.0,196493.0,87080.0,130640.0,122380.0
383,14000324,65164.0,99000.0,10114.0,103399.0,154800.0,166284.0,197775.0,86380.0,130240.0,122180.0
384,14000325,64560.0,99000.0,10117.0,102110.0,153309.0,165649.0,197742.0,87160.0,130110.0,121670.0
385,14000326,64125.0,98098.0,10132.0,102110.0,152619.0,165509.0,197317.0,86160.0,129750.0,120670.0
386,14000329,64850.0,98235.0,10143.0,102279.0,154602.0,165918.0,199140.0,87280.0,132400.0,122040.0
387,14000330,64458.0,99175.0,10148.0,102416.0,155358.0,165644.0,203051.0,86880.0,132340.0,121520.0
388,14000331,64488.0,99738.0,10155.0,102452.0,157044.0,165302.0,204087.0,86380.0,132690.0,121460.0
389,14000401,65241.0,100816.0,10007.0,103792.0,157236.0,165978.0,205295.0,87400.0,135130.0,123540.0
390,14000402,66734.0,101755.0,10009.0,105935.0,157940.0,167892.0,208409.0,90680.0,138170.0,125700.0
391,14000405,69848.0,103125.0,10017.0,106837.0,160160.0,171618.0,215952.0,93340.0,143080.0,128210.0
392,14000406,70176.0,103491.0,10025.0,107589.0,160652.0,171652.0,215401.0,92700.0,142480.0,129040.0
393,14000407,69704.0,102626.0,10030.0,107167.0,159416.0,172965.0,215313.0,92280.0,143030.0,129520.0
394,14000408,70134.0,102972.0,10031.0,107944.0,161357.0,174195.0,216404.0,92870.0,145610.0,130620.0
395,14000409,70667.0,104605.0,10037.0,108134.0,162988.0,174759.0,218966.0,93260.0,149080.0,131880.0
