,Agas,Almas,Aminyekom,Asam,Asas,Atimes,Atlas,Bazr,Firouze,Ofogmellat
0,0.008342935690083264,-0.0009092593046831077,0.0005922474804804789,-0.01512620318204383,0.0,-0.005332845997148339,0.004744859915880806,0.0,0.004601710608922893,-0.0016979307366065122
1,-0.004699654356395855,-0.007116173357286204,0.001777663782813299,0.0004157953881998022,0.019238261911681098,-0.0010275901786187536,-0.0015380197267278461,0.0,-0.03122976882913142,0.0
2,-0.020054407975576116,-0.023084634184676434,0.00039389773626963276,0.018187989173586994,-0.021187652831207493,-0.025939672033544525,-0.02677309615568846,0.0,0.015214238208603126,-0.002006902848231351
3,0.00630729908128802,0.00810431807470069,0.0007884696404736324,-0.017262789566403702,0.015676052943291774,0.010858866816551238,0.034598833780631555,0.0,-0.028876617621242162,0.0
4,0.004751454451726866,0.0020308591310451707,0.00029507432430442293,0.018298901282022495,0.0,0.005223481668034102,-0.010235261093013981,0.0,0.03148450906423017,-0.006509553012332692
5,0.0021343465615910606,0.004841776080168669,0.0005909578532006243,-0.006621851237596732,0.0,0.008517452201634912,-0.0021334930415186637,0.0,-0.021908054506398433,0.011800970542483302
6,0.004057738666417121,0.0033056415747845236,-0.014950952934077999,-0.0018596252237412791,-0.004526585121722548,-0.0100584890688038,-0.006697729926218421,0.0,-0.005424662914261025,-0.008238984368856617
7,0.001681949167110952,-0.0008376144899308047,0.0007990981464116587,0.007017044428016206,-0.011714981657396262,0.001742443703345975,-2.1892506479659346e-05,0.0,0.009137678297948204,0.0035556952617630255
8,0.007832038053378731,0.0,0.0006987771897593031,-0.0036042064430100718,0.022397483665041573,0.0007002624564607096,0.01570449548380526,0.0,0.007076628055529666,-0.0018056100324777002
9,0.013060911716722412,0.013888837264491638,0.0004980665058242906,2.4089003759275585e-05,3.154103504421357e-05,0.02094913927763864,0.0006487899528517804,0.0,0.0021578219315532277,0.006211108019315681
10,0.009708744779172385,0.005044188467147048,0.00039825484725941607,0.005329381209764339,0.0042497050217737975,-0.0007518873885230537,0.011043172348190966,0.0,-0.002153175761672288,0.00705484205355722
11,0.020205654112553262,0.017194975908739307,0.001793423847162856,-0.006668343110843189,0.02713496377408986,-0.0017480852714971684,-0.007374379565045275,0.0,0.0016600182345467562,0.001178621370575339
12,0.022479251756418517,0.0073062950488658185,0.00019869181310250283,-0.005747270667746163,0.01599598342244457,0.028129335658685806,0.0013567085276677826,0.0,0.0038115129850433416,0.0017830151681119677
13,-0.006247726163088774,-0.0027567853697314515,0.0006962764604920846,0.00891359427891003,0.0002684515282476152,0.004398236716572912,0.01793461684133213,0.0,0.009602542024738536,0.018771064661696757
14,-0.01856908867338658,0.01529828511800968,0.0006947994262942458,0.002527572301538328,-0.008615222050924576,-0.0027261500183238807,0.0038870825676560194,0.0,-0.005041827347228134,-0.0008572153717096853
15,0.0316449771919034,0.0,0.000397744461581917,-0.0006723360953626578,0.0,0.0123980580191978,0.008207196902878078,0.0,0.005450939687778211,0.0032328729484671914
16,0.011911490828293125,0.00645000582848132,0.0008933298697384462,0.012518956268751769,0.03954151388550842,0.015945728131887327,0.003485586950248809,0.0,0.009071883915309442,0.01216682738832664
17,0.024177511633127757,0.02292964463968561,0.0004953010786667988,0.006383940084204509,0.009198588856826895,0.010296004879934317,0.028870476354359464,0.0,-0.009854167768387656,0.00818685053899193
18,0.0068047283556071925,0.01109224005558862,0.00069406833949337,0.010658537084437869,0.012382203738932063,0.010439752116806256,0.019710804228136647,0.0,0.02088600834315324,0.021009926004217805
19,0.0036386262495096133,0.015084606514621068,0.0005936550151974807,0.0025432473287427815,-0.0006512137464107504,0.009983343573981562,0.014889110255811966,0.0,0.009241328375906743,0.0067537914438311475
20,-0.004108697577524301,-0.005428718790114306,0.000890943035020797,0.0025832906346381357,-0.0011617400653068932,0.000365509010582743,0.002051083146751731,0.0,0.020350783348130896,-0.006018892977387225
21,0.011098394335191886,0.01919263044168651,0.0012853330751469993,0.015413431430161939,0.009189652008701366,0.005214403586269345,-0.0009746700432946565,0.0,0.023705954822354602,0.035670455073744334
22,0.0032964133340300794,0.0008391030611984984,0.0006916693800629314,0.008435803402323971,0.0048621722657336,0.009769314930266004,0.0004487156171901763,0.0,-0.004205875396486869,0.006273064120609684
23,1.5881586888255583e-05,0.006806098845869801,0.0005916045399732006,-0.00249365093415832,0.006292977880153039,-0.009235044329177433,0.007762972893945896,1.9367007665716343,-0.0192601990436172,-0.0031472379547725637
24,0.003986850254895424,0.0010041398528497503,0.00029562737548904927,0.0005225864428832772,0.00397468254295541,0.0005446739107282106,0.0036387993004061148,-0.008581067713101742,0.002594276320430522,9.106330965380494e-05
25,0.015248811889770675,0.009371416154314582,0.0006905784801560788,-0.004338479309143661,0.017496315991530675,-0.0019761812077271346,0.010374939451488041,0.004362044490029415,0.010220848730522203,-0.006495883749964904
26,0.007885695125926295,0.007830014526574391,0.0019708759273553422,0.008304119143255129,0.022555189324695135,0.020366103110761147,0.0130933345255273,0.008343946263668967,0.023999831340419275,0.012954826761907512
27,0.03644871024311103,-0.0018041137534204887,-0.015537525275252317,0.017240560621272882,0.001968989225342943,0.019405325175775312,0.007630267862156037,0.029980599795466745,0.0001751311203048722,0.005459475543359238
28,-0.01812249388330045,-0.01624097668731017,0.00029940717379584036,0.012055125431249536,0.021934994518998607,0.01349982901101976,0.009161605047604438,-0.0020085979964609146,-0.006402370943538682,0.01994958256566104
29,0.002730024128479558,0.02368603337506814,0.0004998603184738215,0.00030778346235993403,0.007015899400746539,0.008509568181664928,0.004631736248280616,-0.002540610681845412,0.01135154328644572,0.0015001599301460722
30,-0.002814091788838846,0.0022970536119533147,0.0005983360275074734,0.0006151558439140281,-0.005857546836153915,-0.0019764998297504555,-0.010640955436035937,0.011676421473506782,0.009208320886852972,-0.006872295666436323
31,0.014934778460667264,0.025615135237059716,0.0012966161408278776,-0.01791672565209068,0.02268591058666214,0.014680987526684008,0.021399142547923855,0.0005232057121753453,0.012700075847425385,0.006919850927981086
32,0.005426299500837839,0.0059122840525509535,0.0006977332130964076,0.02660528397091433,0.005380700231340629,-0.00842592905320938,0.014983082911921963,0.005882013928592,0.007110575719157408,0.0047574171357231965
33,0.008431680107094719,0.01605893159843541,0.0010951050495184855,-0.01058407425002661,0.013026489182046852,0.01608661937994449,0.004764893450767138,0.02238411708734067,-0.03053826459341391,0.012773510399888277
34,0.0008745610217424371,-0.0015487995347310823,0.0010939071063227335,0.017872724684396823,0.013955337888446717,0.004451550111401303,0.01304555277002617,-0.012297668981640641,0.0073576147960974225,0.028456824041842133
35,0.0064133501523981895,0.017563098240773067,0.0004962360495639473,0.001189342911496638,0.029099443044731776,0.027777845105503296,0.032626679881461174,0.007914492707715715,0.022654035575761178,-0.01260013300445717
36,-0.043180448500737545,-0.03570790512537725,0.0009929718228125495,-0.0183156106344039,-0.07193348075322026,-0.031483533059324276,-0.06881978503600128,-0.008522680178811193,-0.03897823424121527,0.00028416847616541396
37,-0.0011537170152121634,-0.02050242292713389,0.0033723587484117967,-0.021121695329895274,0.007128082645761369,-0.01682157636089865,0.02643566905479422,-0.018382452828217044,0.06590256300285557,-0.006222107415627343
38,-0.018478953621966943,-0.045114874150766426,0.0007911197059919939,0.018475710772168474,-0.015637326060310208,-0.026999825494160135,-0.0544269324412654,-0.01757912023493713,0.03365545031737671,-0.010178318769371586
39,-0.01994115397210683,-0.014265814782925657,-0.00039475372302100187,-0.018714374051004623,-0.019493737608302975,-0.011119197444170559,-0.01913607859243882,-0.013186201137335596,-0.019526779460741994,-0.01955454800967993
40,0.019994260936105013,0.019993984288985356,0.00019745480753097233,0.002248979325092826,0.01998710543802651,0.01998735594018375,0.0199918100091383,0.01989151811319556,0.01998564505179501,0.019090313056961516
41,0.05692458214941043,0.041082714996852454,0.0008893582998548144,0.005071319749891279,0.03682938534127844,0.046663124684438895,0.07520280627807052,0.034363881318425715,0.03388354389853232,0.029168527848293158
42,0.02966919021488712,0.02782727412962327,0.0003944808188631743,0.013752709385794315,0.020576984247092645,0.02630302185044009,0.03183066997675277,0.018535365416148863,0.029942527305520272,0.0066290686469809845
43,0.02050704057059871,0.003280300353461385,0.0007896363433823606,0.02636165243300992,0.0007357331635438058,0.0025342660820362184,0.0008697564749859943,0.03519908106995939,0.018636930737390145,0.02223968488961825
44,0.008210683458056645,-0.001036068274025248,0.0006895247401477178,0.004527501562607172,0.015318566820367696,0.01470030513128151,0.013238631452185512,0.02445245314286204,-0.0012645462347795622,0.01389414908853337
45,0.028944441590752268,0.03798447162784746,0.0010837766219244926,0.01884005651111731,0.0328547012295326,0.031359859876752605,0.0316467736347672,0.0173970609916978,0.0279851985221391,0.011361463494370838
46,-0.00024526654558898464,-0.010969497467834821,9.832909371065846e-05,-0.005723673313365207,0.00687125612194972,-0.00579000717378042,0.014245812687993187,-0.006332031314130182,0.009587755600575898,0.038253856750067206
47,0.00730335462573839,0.006286515519540847,0.0005908997505637004,0.019230867427266318,0.010817211107813085,-0.006943740645976915,-0.01054233923188963,-0.010248680469680416,0.0005693106594999442,0.006255835939050769
48,-0.010388507551874038,-0.010910245572977373,-0.01553905201367023,0.0003724006061947005,-0.0009646417764984649,-0.014054019351840363,-0.015267411611405102,-0.0019582186758846376,0.022193870528520288,-0.0016814902384528763
49,0.004045481447683574,0.0034963057879335846,0.0006986864694373818,-0.011188308636895128,-0.00390753232941865,-0.00109101692827962,-8.25290586130567e-05,0.0,0.028591292040853977,-0.005283436838567357
50,0.0243963413080035,0.022726269132899546,0.00079893873805581,0.012507000856352146,0.005653596674080941,0.03800003613534608,0.016082821293070815,0.03386034501392099,0.022944839097923664,0.020911947647792806
51,0.010830926901830962,0.001516588700874566,0.0003996487874495802,-0.003201768746927125,0.018977151454065755,0.0002546088554393755,0.010779409720643507,-0.013572074579209392,0.04705205541914914,0.00929942035038045
52,-0.0036946941468817274,-0.003225954212871307,0.0007969857997054408,-0.00580247902244202,0.0045263791421539246,0.003800758889293876,0.014920501261478147,0.005830084497589372,0.04638156478291666,-0.0013198785465318164
53,0.025072538424339097,0.013672511640050455,0.0007973465580708439,0.009755071653003489,0.02488393387845589,0.025879462022363686,0.011172358684591988,0.02234449256657345,0.04996555153307369,0.011345086747247546
54,0.035632844633126215,-0.00015200358052891438,0.0020907455168825972,0.00018578518400635957,0.007196569807256914,0.014302170292380456,0.005211464504356389,0.018114525143948512,0.03998213895740532,0.011661805357360278
55,-0.022349660432515184,-0.0036277479824236014,0.0007940564871933287,0.0033845355483477224,0.00443026432536886,0.0012671635903622747,-0.006274282935213593,-0.02656271699904822,0.000773965912915342,-0.008456557116365171
56,0.01759694908558651,0.01680969946159716,0.0002985267062387553,0.007157994093046405,0.019783880651212282,0.027662386198708644,0.010857243781711379,0.04064521080670214,-0.010179902052194434,0.0076439656602993455
57,0.01429349976483607,0.002401582714747219,0.0004957435459147508,0.013050191443058745,0.00831113727489119,0.003788931032216558,0.010725181777047066,0.0021712436458931617,-0.01934147736976377,0.012708167492455846
58,0.008019317413445082,0.012064498945218105,0.0005955884830430858,0.01616814578710013,0.010219301242835765,0.006684394092861146,0.005106377385269978,0.017964384594155725,-0.03329973385827567,0.0012525606734681283
59,0.014664870756273318,0.015407900325150603,0.0015856399062281756,0.0036503422145783837,0.0019150781734658118,0.00938985868870601,0.02683617365661739,0.018806108159098667,-0.029653159154100717,0.031392627543088025
60,0.00877988776750227,0.01001220938813141,0.0004954078363432757,0.007511270595612407,0.01676537222426666,-0.010525278815384342,0.006106490838116541,-0.007483960387314248,3.4675216033841494e-05,0.00032673028811402993
61,-0.024486808539780025,-0.02411240295366668,0.0009883483611701216,-0.008240172951383906,-0.007049214168213136,-0.026248724627619624,-0.015107185002151358,-0.007966766461455443,-0.03225694599955786,-0.013686464925940056
62,0.007857217724931642,0.029860907799426295,0.0004946736190856171,-0.006448944673687396,0.021688636160672736,0.02624946717516341,0.010690789104969012,-0.007251936126004499,0.025003582977275007,0.003995070918296095
63,0.009884625356494592,0.012754624637149714,0.0018770539529651131,0.009557104967838237,0.017038927796877656,0.0051657563911695625,-0.0034715834987032457,0.010903066130592665,-0.005521734650145715,0.012832137841785496
64,0.025323464510508042,0.024114490694647994,0.00039401413722717216,0.005739239795989448,0.014852307384201291,0.0005605669053825313,0.016509962765295372,0.014478888019546998,0.010753471641858248,-0.012530094728752772
65,0.038207895987073304,0.0,0.0007887025498429789,0.013001202397038059,0.03280189176994597,0.015829020847039743,0.02516069850458491,0.020867466413049485,0.01258597068538192,0.011300034168255424
66,0.008517188486384386,-0.008876881512929313,0.00039354855848072745,-0.0099113633788952,0.015303786502500749,-0.004044911208683777,0.002800035940249801,-0.0066673153361114235,0.0032104141341220416,-0.0015362284272326665
67,0.002844681124452242,0.007679788984893854,0.0007877709622312601,0.009150457799076417,-0.0296624096467909,0.0006307944963412915,0.01508655178872198,-0.007570285860974635,-0.005698667594781104,-0.005292545182623121
68,-0.0033282141446210334,0.006017977576334488,-0.014754410894718406,0.010190952062587355,-0.017950243571599023,-0.017911277904683387,0.014651802004762349,0.024640855678310647,-0.015076903379028894,0.005039472809968748
69,0.04098030997142765,0.03274294022692592,0.0004997107462745287,0.00682779908703357,0.018024486623099634,0.03945019371724601,0.03683366931286747,0.03082772117175847,0.03550827624604325,0.034025813365745394
70,0.04256418524594818,-0.001352704619723255,0.0004984642317020782,0.00866719945322103,0.012545206731253256,0.01679269694704666,0.021758006155901732,0.004293699807817353,0.017938480462572848,0.014457179802586317
71,0.06437846439475159,0.02342925253143613,0.000399569142899292,-0.004853534575931628,0.008411539824985104,0.04040703553660241,0.0012403339258462154,0.02392106417800166,-0.0014754248150840032,0.03995202942219889
72,-0.0458752323824988,0.018176331877179486,0.0005976202760606952,0.017193631273555665,0.011647816152978274,0.021525884583479815,0.012348851379665016,0.012067579279580354,-0.005395800744407042,0.016803372706700292
73,-0.05922407243308214,-0.04493188777584234,0.001992868675727788,-0.0023133323921125104,-0.024754375508398763,-0.04107146385385241,-0.03964764100477591,-0.04204240233452805,-0.02872786177706843,-0.029393228133824945
74,0.026121059100311372,0.03838041712736384,0.00029803771965375425,0.002169072564873531,0.010092045326567378,0.017091577837545113,0.03310273925444718,0.015010834185119837,0.0037123485009236123,-0.004982061942177873
75,0.014976975925410141,0.0053172278257112016,0.0010934725350686403,-0.012893637282576087,0.012140450829918326,0.03033624533702972,0.007517118594454475,0.028204463453395556,-0.0013185647892357544,-0.0003267390833578965
76,0.006060039904252967,0.029677533547548096,0.0006954468568480809,0.04506527117343517,0.018215754265431316,0.02851407296946551,0.018994044300213453,0.025713029245851393,0.015893686720093392,0.031751640234278566
77,0.013882771722696141,0.017585705451021116,0.000594833278146023,0.004304969531408576,0.04230995248431335,0.023664738555250642,0.013000010587969957,0.02611513222369255,0.04080892321640639,0.04390311615630749
78,-0.0036721829105311743,-0.009552238913031363,0.000793630348583152,-0.0007563371402787844,0.014706590856758295,-0.011262554087039911,0.0001373703629414802,0.0,-0.0004703501185588932,0.002770154116527035
79,-0.04745879903037409,-0.04413463979249421,0.0018830061172947499,-0.058650856797319295,-0.05631371286719966,-0.042485399771261534,-0.05170002333980106,-0.05366565707885185,-0.04446714290616083,-0.01715926878406493
80,-0.03632759093319615,-0.03828569404516946,0.00029644590998523235,-0.010550072418367806,-0.031908079042966775,-0.015137949404375517,-0.04444952316379269,-0.011351590712579851,0.01113753892973346,-0.0196952118802316
81,0.059320798523648355,0.0,0.0005937039718895143,0.02556308971243948,0.042823099252067065,0.026926868487141986,0.042150557121899634,0.007775789720043891,0.013533537575296295,-0.01632391549617851
82,-0.057332345657117756,0.0,0.0021729901568778853,-0.001018755496205892,-0.06127000460263432,-0.02589078638126685,-0.0586065452284229,-0.0355255732426929,-0.023176843524287394,-0.026232165022610388
83,-0.01741027196284206,-0.018692056329062456,0.0033524087988170415,-0.04510517737676334,-0.0360672357216415,-0.027454501409055365,-0.020134021554902515,-0.026192449710485843,-0.02318409678008171,-0.0056370763324995465
84,0.05385937794227025,0.02875861569268845,-0.011693736045573222,0.03402240471589146,0.07732127746472006,0.027300191284432396,0.06470930337183933,0.03575174554089622,0.032832077117528335,0.0048779051529765916
85,-0.0197822398190044,-0.010831084173654859,0.00527030034254472,-0.020392280846820654,-0.0013036567232769247,-0.017725845057541045,-0.01686288770965927,0.005534666183678816,-0.005681785341659418,-0.009161656995928413
86,0.014815135384659728,-0.0020626803957789486,0.0027690784265863577,0.017887486010623954,0.0075893721688766735,0.029831623143979247,0.02041010966748269,0.018773522402313114,0.020625738832238616,-0.015094274384773398
87,0.0038173857756502727,0.02457168923347175,-0.0004927608503475511,0.0064844337971809995,-0.011288972019734,0.016754442214540255,-0.0008317007973763779,-0.009189646655032746,-0.006128965783622986,0.042907347032667964
88,0.026889140067612338,-0.027394845029907633,0.002466990931688562,0.017021622778683465,0.027253148750228995,0.03690122106324423,0.028624687200189625,-0.005720746952556421,0.013933561096472147,0.05538601704430457
89,0.038920487904966494,0.02085838149257202,-9.83581081014373e-05,-0.001274567573639418,0.03234276102957345,0.02589887501940713,0.03518988978741078,0.06417108191365939,0.007791600129614551,0.030311042228896357
90,0.022891674818514174,0.02850253568936889,0.002461161939930845,0.009401801971019363,0.038124706177020906,0.03269982860532239,0.022090768056738375,0.025238522445305556,0.001712679709860776,0.02900445084941694
91,-0.014195519091990128,-0.004301991734901756,-0.0016701092636113302,0.0018777028322360945,-0.011408470716147812,0.005104439814806572,-0.016691136146216756,0.0010547219566938715,-0.004575510686031348,-0.021639437837358444
92,0.0515513634862359,0.01711479660705373,-0.002163372462755331,0.004991582088121449,0.032608237174296395,0.044299199344206786,0.041213039453843914,0.004259313382480867,0.033549815644059455,0.03999692504078878
93,0.03793955905352897,0.030481606396697947,-0.0024655434636995377,0.048191462486763204,0.027864208525764322,0.011597271906896855,0.010627386682282802,0.05196537831183767,0.011173743541305514,0.01670068817199266
94,-0.0017063754998246639,-0.019531245757677507,0.0005934694659466277,-0.011308976531225423,-0.001360994346852773,-0.025025882409806077,-0.023093916742920273,-0.00488028303207988,-0.0026139636112912923,-0.01739158883904679
95,0.03431763766959284,0.010970535642748747,0.0014813133456366145,0.026529208213494915,0.027243227309388107,0.010392941956417934,0.03898064452245209,0.02260272566215682,0.006999138985074982,0.023876221542767917
96,0.042704439913920034,0.028860121613372147,0.001084952468045186,-0.0002604078649129926,0.03345491345726015,0.017582066318811984,0.02687597836789779,0.042642331935972555,0.031042995886404023,0.046620055929081694
97,0.04389544633073683,0.0233841197348148,0.0009853409614408726,-0.0031423493541359315,0.01250252023398879,0.020639837930383598,-0.0015785768704795755,0.02335909963428917,0.02456128581358774,0.02815051400957258
98,0.03586185816089449,0.03263040272438289,0.0010827097836252353,0.02262281871222327,0.025994346683616776,0.013335851417881406,0.034646333618562064,0.01027939703507652,0.06231371999903468,0.03675764859487174
99,0.02063173808808516,0.010735537398285144,0.0008850739788250905,0.000919652415376282,0.00953402462090125,0.011501062977032683,0.009390292668922884,0.029518762957887246,0.008026724495660442,0.019843801696986407
100,-0.02812916378059893,-0.01984639263976784,0.0011787279356556546,-0.006925047494035108,-0.00744733945526288,0.001393129135004889,-0.015578045610484592,-0.006538703456665518,-0.007783676154977659,-0.037050736503563275
101,0.013887601007279926,0.03592323239583961,-0.0004911302465648859,0.026847991668919713,0.03209800688256892,0.038932817047888646,0.04200188965238705,0.026686084749002026,0.042653045282134316,0.0373144133947112
102,0.03318622121629544,0.03184632696465717,9.905894006911886e-05,0.029315937331700015,0.039521931732143134,0.02419055794904823,0.0305338165165292,0.033876823329044736,0.035714711857333103,0.041394108031525434
103,0.0364658940778495,0.07029910564889219,0.0004903422196418372,0.01178483697285082,0.02607158455860703,0.03205462369873202,0.027740280149179508,0.05391621045050221,0.0385204396028358,0.05312311906032785
104,0.024682142035777677,0.050329597866152875,-0.016678167724633264,0.01924153779702098,0.011484105361699193,0.01923830382173275,0.011945708352846696,0.00045656504314139923,0.014076413304040303,0.025162353018719497
105,0.025280368301996647,0.059418020665297666,0.001995651831524059,0.027303498772268675,0.025437263480843297,0.022032647686166307,0.028459130803568877,0.027105137194057383,0.05415704871235483,0.014611358926627238
106,0.03275053922512505,-0.01017848301291202,0.002887036489872985,0.012960073660571725,0.030129962027513058,0.023460347802350956,0.013457386843611197,0.03000931883499436,0.02969449860993123,0.005336398462037373
107,0.052052944869645845,-0.009638703993761655,0.00019839596859383413,0.04755134103027103,0.04563953788704822,0.038974228229073704,0.0527222780035006,0.037776537670337396,0.047160063885071546,0.04233661992216775
108,0.056721797998642964,0.014419584029560895,0.000992774860282486,0.023114642498660354,0.012607161292716773,0.12163118133778972,0.04600767173731568,0.03749420673821913,0.03879570097518026,0.03599993000997359
109,0.07708169412164989,0.037657132939542315,0.002678130876679008,0.01947770584880093,0.016741710090469875,-0.017375987151731165,0.08940260188635984,0.01622994150691337,0.051770734391080264,0.04312493869116496
110,0.054476576373440944,0.10769833769098525,0.002472358889276549,0.031036146998351333,0.028664888913856323,0.1587135567777156,0.07947199349493794,0.04785408616761844,0.07015191650706964,0.046883613739704844
111,-0.0675102208425401,0.035620340972019715,0.0026634046038851444,0.02223116635730471,0.01997514739877082,0.12151791919351829,-0.01746269358430297,0.02489626618563312,-0.00305904616641528,0.022290036742580233
112,0.04218191691803619,0.03327351929312172,-0.0019671783034291845,0.019557211248506734,0.036736563735918715,-0.06316249955321829,0.024221616783470123,0.039747117679848065,0.032232223544645056,0.05442182881144397
113,0.034884945448622195,0.03162748381307168,0.0032525867028110333,0.04128442927415632,0.03210880606304789,-0.006468548240168515,0.00852208445620839,0.04747081778110607,0.024387916441898083,0.08266985032906993
114,-0.04351846582524954,-0.04144794397237239,0.005208670841458041,-0.007956671506873514,-0.006858189479258536,-0.04874318656625609,-0.06227556344887608,0.009460838357380874,-0.01931076172592483,-0.024993010642165303
115,-0.03790796213627423,-0.036707808762255656,0.006354762995470775,-0.01139563727479831,-0.026374371049113554,-0.038214262233951524,-0.01767290867909288,-0.024011419229951203,-0.02249881380293617,-0.02733215331380834
116,-0.016021525720997465,-0.01833269610272048,-0.007868543780725101,-0.024867980097074138,0.009709663132992041,-0.01650859486661349,-0.0036060857554606196,-0.00041805894000535027,0.004254280136552158,-0.008860606238120017
117,0.07984004048519622,0.07895667717618382,0.002349838289646522,0.04211603296546307,0.048938411056771214,0.08415929614052442,0.0554060404118073,0.06708236819602198,0.0607919702928148,0.07137620349566443
118,0.021276103167485294,0.049636659638496505,0.0044934608627758,0.03849254481659514,0.03676136626209092,0.035142819449545115,0.0330806581697054,0.028825557151164194,0.04147933772393353,0.04748148421091414
119,-0.020194744264946496,-0.01485203738208607,0.008168448626316938,-0.02038911043866609,-0.009893212410947427,0.0033161896631495047,-0.020068815868033996,-0.008023268289922947,-0.009414079409654996,-0.0016575440768831218
120,-0.0651167386731194,-0.08053083593342902,-0.0036651500417786975,-0.023591879844020003,-0.05477445041653517,-0.07444259580868928,-0.051270263528510274,-0.035704257469351464,-0.07544064855069621,-0.07407878332471574
121,-0.0002960452061030461,0.029475716743369906,-0.005711892343645997,-0.005141905148075554,-0.0006132943242054267,0.02115340831659762,0.0037582953383152873,-0.001074129284112435,0.025299317184638737,-0.0016560239051959247
122,-0.04343228181485026,-0.05194021254317649,0.007984216409524958,-0.04814713507072499,-0.05444778980928766,-0.04637976366052654,-0.04986821705004452,-0.050247121921760174,-0.07359744191346684,-0.06254691192646555
123,-0.030631832949463922,-0.037861313958591714,0.011398403644400812,-0.01957139395899421,-0.021878310053169647,-0.02677631804486358,-0.025163150792657074,-0.03190343197246892,-0.03421710260459765,-0.02152620394461402
124,0.06616839666457164,0.069534945392423,-0.021202954424001885,0.037733005878747505,0.07755019393847773,0.05599926168135627,0.05835442900902543,0.06895813915400284,0.08696920937858299,0.06261303806057472
125,0.013653221329943621,0.0009499717698133736,-0.00039095213907369697,0.011179020649251248,0.013410669549675847,0.00020644369709610366,0.00973980470898006,0.008395621764245575,0.006998097920275725,-0.004021518565723858
126,-0.04626153196536953,-0.04715295881604442,-0.000585194577196968,-0.014360518675033629,-0.025034970006554302,-0.04522036595468537,-0.01739253109321426,-0.04220141136065525,-0.03697435760336287,-0.04906179263957566
127,-0.03952373702030154,-0.04899998246331638,-0.01670244949741384,-0.006511608876476727,-0.02306892426396856,-0.04195038399885853,-0.03207261586789767,-0.048655397522910815,-0.09987973184162391,-0.022626355050196723
128,-0.052140133128891764,-0.06980371967372212,0.0009934645712272872,0.005154436413613794,-0.053757668996183505,-0.05860595088448206,-0.04410583802198931,-0.005190097808093097,-0.014794606159496904,-0.032152978162978796
129,0.06097557084582328,0.05032468576204718,0.001488222124836236,0.04069861887025272,0.03742126683687741,0.03895504238720959,0.029671284626708205,0.07050847418169637,0.05196229252262419,0.07081823101210616
130,0.05920141381896782,0.07523565980920721,0.002675017102486965,0.02072288055913818,0.051249001329189525,0.07873753863855604,0.0649145156569697,0.06029475885195357,0.10371675808849967,0.05762091634196942
131,-0.018810805950938758,-0.017087082243154694,0.0005934108684040318,-0.024173843190083866,-0.014730993637545597,-0.026242098182197915,-0.017367808979552035,-0.032682488303876545,-0.014660443623526143,-0.030750637323187502
132,0.02107230311630781,0.005566728645237218,0.0031606785146884864,0.018180899122804073,0.020438273638166526,-0.01714518420953226,0.01670939881029998,0.008081758464272504,0.0013467671176001783,0.013377067284122912
133,0.03545920915690681,0.029204025340899165,-0.0010830292949095544,0.01884282351073341,0.03792170535240724,0.030451708296504787,0.029704590647084528,0.043311420517315735,0.01493218766189286,0.03218159513494445
134,0.054622173597412615,0.038517624631636105,-0.0014781012553520823,0.03805371942106395,0.03655625472277335,0.040842888112087916,0.034772368965581446,0.0402956382658497,0.06493127449107017,0.04933455623903482
135,0.0546055666316112,0.055150748860575804,-0.00039546702091042274,0.03868754306619171,0.048246292779298816,0.08042232222462764,0.04879061242638527,0.05399931519799006,0.06596668864248278,0.08395128461891832
136,-0.027732083279504827,-0.022972607900925812,0.0004942826981324533,0.010451088653652185,-0.021040079726351912,-0.031429919061132794,-0.009233363222876156,-0.03040871885759089,-0.0206041346293927,-0.020337264781798425
137,-0.004463494800639123,-0.010590841541190166,0.0010857013818286188,0.032673056901426634,0.011817485866534971,-0.005609743944581469,0.003087403633948327,-0.003470648169974999,-0.019682463818153306,-0.008978386931659421
138,0.02972529277959013,0.021559100657199792,0.0011830274470248092,0.011026972647871558,0.04978683511843984,0.028214142650383245,0.03283101407180422,0.023287612419726766,0.03763205718475926,0.040044891921028114
139,0.049392881140985834,0.015080355402565582,0.001476790965699415,0.06232240114775567,0.052153142360841676,0.05542225553149649,0.03220132765800621,0.047570920195073585,0.054468942626837435,0.05581419366163143
140,-0.02547086875746496,-0.03629003710098755,0.0009834029869515426,0.030199518710140705,-0.022330552424362105,-0.019884676968981108,-0.002238811935534102,-0.01930093360477947,-0.01978842043761342,-0.013881673188863353
141,0.0045152993890544835,0.007470961222924677,0.0019648737112263337,0.006708703361709478,0.024818807741994853,0.002675529041190172,0.01563334223728341,0.005794909701722251,0.008152851754633428,0.028419684558587566
142,0.0212777633133725,0.013153736046082054,0.0009795307460007674,0.020301192961120096,0.038455075907523506,0.023103438861593162,0.019508059571670344,0.08870521643613016,0.010474418483627623,0.0214359434101834
143,0.03566264039556488,0.028570781133663514,0.003918203106575424,0.019310254983005093,0.04078932600148599,0.04734567597415085,0.04715112867763205,0.02955567920930302,0.028887159464647594,0.0236831294064197
144,0.016376019228970362,0.0067777484732074456,-0.019512604042690285,-0.026420092256921324,0.00574016554957657,0.0011951021007992058,0.020552651410685296,-0.011540987962596283,0.003333598613178834,-0.007986212329483933
145,0.057840040106690305,0.02212098350679592,0.000995145558678301,0.011198216046439002,0.03274781887830169,0.03696479546281384,0.05123966114424383,0.02982723490057837,0.03632606518985826,0.02971203928793753
146,0.06607979711701883,0.0769039107885765,0.003976624914091342,0.07296341336086609,0.03627480878080469,0.06653932007731456,0.04330652510874167,0.062404785849858646,0.05820748645520912,0.07286207578348547
147,-0.011798734620320883,-0.0030718573599427534,0.0009902185009615927,0.07956255841200255,-0.006869101665015642,0.01846044552235737,-0.021827915760589955,-0.019460185109666295,0.022823671565256554,0.02584327194161129
148,0.04107313698785631,0.05157543058895331,0.0029667285641015173,0.026580432735216375,0.043644806229840905,0.04842431246295886,0.035213148032567476,0.04536307769845438,0.04949968561275275,0.04716223462785529
149,-0.011911903650117073,0.014783545712159452,0.0019726256317180724,-0.02224319618421866,-0.014387320688557748,0.014293443927076765,0.015527878607551004,-0.013735754420954427,0.01154042469181471,0.016644545500075436
150,-0.0347798219958777,-0.020812862829575507,-0.000984371020353203,-0.053132901589862946,-0.010894741578207356,-0.03116835004983287,-0.03277606436550473,-0.024749435485247773,-0.0107266855417264,-0.03219371846030428
151,0.0879837600769231,0.07472647011380129,0.001970681922881523,0.035798745205038784,0.043141172592917165,0.07440156373943818,0.052819386359091114,0.08413683698948993,0.06574737801767894,0.052171406323027636
152,0.06400422407204198,0.05600137729236554,0.0009834029869515426,0.036555159258380154,0.05943010515218883,0.06343511062213025,0.04246404200280307,0.045138055763993545,0.07345331739490257,0.038100405915838964
153,0.0014970314620947889,0.01618488546953234,0.004911202822665661,0.0051633513897235694,-0.0007656550122635553,0.005882180384685132,-0.001703788356529068,-0.028979731580616397,0.0037254392100911637,-0.015422660330457805
154,0.008250337646495076,0.01823773257844863,0.005864836277797103,0.012877919121172532,0.027300121093845275,0.020757645021095117,0.012352068661180882,0.036458301256323766,0.0384258277224947,0.009187057315967584
155,0.0720983489014595,0.053793587948691046,0.010690316767387964,0.02923792387543256,0.04670156325183639,0.06595976418798943,0.07512403077930929,0.06436952683027153,0.05466492574132653,0.06372389829457292
156,0.0042497456426737745,0.006093896725337444,-0.0019233097066615468,-0.0018506270485092458,-0.004106697204849352,0.015920651083575654,0.019570710877060193,-0.0011990579672106483,0.004684776179134209,0.00775766183520199
157,-0.050844419210368086,-0.03162594758792103,0.0019270159551529886,-0.0243474189304711,-0.03580267110960056,-0.0212622498433801,-0.053030548393611876,-0.034063648877169284,-0.03338460832571932,-0.0285923805594529
158,-0.036254496927627944,-0.04055636446879196,0.0009616548533308844,-0.036873415293369294,-0.03223270450232196,-0.02664847527723635,-0.03776404714376491,-0.036352298429050856,-0.028841215582620983,-0.028050310334042594
159,0.08401163913078569,0.07622550234630832,0.0019214619234775299,0.05889329381218933,0.06891311455893812,0.07899723438903039,0.07742046985541395,0.08649035585398002,0.07556543501239354,0.07551437903133507
160,-0.026435281724496607,-0.005115566335926469,0.0019177769880172058,-0.0242547057067648,-0.011618527102880805,0.003146476513107288,-0.01093804601847792,-0.009570388752329184,-0.004569121101293261,-0.020937313060256035
161,0.0014402468693719417,-0.001376927577542264,0.0028702031419258756,-0.02128173473252981,-0.005837539138307646,0.01926752950163757,-0.006551719372509646,0.0059925177813136,0.018903316834617545,0.001782056703386159
162,-0.036931346041253255,-0.03434831766460977,0.009542186685174592,-0.019857558554993715,-0.02351211875847503,-0.020254414784802166,-0.040232004885306094,-0.022412560827660633,-0.030517358595964827,-0.02539562841364973
163,-0.03983026688767466,-0.0023871910695587584,0.011342581662621809,0.009486794097932627,-0.011576561089861936,-0.027136084472986988,-0.026258185907405918,-0.02140295418171778,-0.035774971708603664,0.0023917001283189077
164,0.062907374385478,0.03504390002218716,0.0018684502694359395,0.035667357520335674,0.055791347012127845,0.035361277619024856,0.056251044461146815,0.0485678419033142,0.05078245883976895,0.045146345275305144
165,0.032806771186920214,0.02394003745853479,0.0037317953812974203,0.018500694022111963,0.051549863969611476,0.041064388921394634,0.041638104217026184,0.03369954812030662,0.04990631949020896,0.059297070058888846
166,-0.029571055568142213,-0.039832327057232386,0.0009294802153496651,-0.0003231638791743041,-0.013725201550325306,-0.018874359749908698,-0.0033541386727080624,-0.04811146742850991,-0.02015028032905075,-0.013554880954666948
167,-0.007659335846270654,-0.015830533180314355,-0.005571702504854059,-0.002254957855529538,-0.012979530982660803,0.0044452613829866205,-0.016448616571144603,-0.014257704261872228,-0.01207995461839273,-0.04191340722557935
168,0.028930401134255712,0.030666789024222707,-0.00373434731948874,0.0332219948513508,0.018624990735786273,0.03509001912764531,0.03286535323212525,0.026402410818085142,0.04376728829303489,0.024663918849820332
169,-0.005218646470235511,-0.016162664207995614,-0.008434946598023463,0.027935840526316147,-0.025836936734415117,-0.011933846155870231,0.01002487409513475,-0.018192692897796348,-0.006740742127576915,-0.023953142830773433
170,-0.019373071619915305,-0.015334447026438713,-0.0037811753373687695,0.010726823955410802,-0.022451495590946946,-0.020997270280456504,-0.018752915554073435,-0.005847475333136565,-0.030843413314985857,-0.01320055843615231
171,0.011637593719233674,0.011256850615639191,-0.0037945789562491283,0.04238014558337588,0.027614374234459005,0.02729983302568173,0.015094643850206424,0.0050416249416112,0.014681033162873058,0.010823353559576754
172,-0.022674811375491655,0.0004939559224479417,0.0076190168071303965,0.012814774674843488,-0.011996140018266876,-0.009867599757709011,-0.0318001028336895,-0.00706846414195339,-0.031650097692174306,-0.017384560560953055
173,0.02938866521153538,0.013557593745921803,-0.0018905876686843293,0.007003503915165021,0.021814272714728578,0.0467710359429403,0.03224738099135416,0.00887933202256419,0.025705324392647277,0.03299664424724691
174,0.02450397180067254,-0.0009959347416549358,-0.005681560144115916,0.011300699537238001,0.013538862838555543,0.020214552821972598,0.030164280406804522,0.029286826399813615,0.024438147040413805,0.03472801113611723
175,-0.003942131575167207,0.004278822264408788,0.0028574881318612633,-0.012036559257539992,-0.006222484701013942,-0.018913024033061165,-0.009336233770425029,0.015700975437237474,-0.005566233836937662,-0.003665509331215455
176,-0.005546339945216916,0.00041301127103410273,0.0028483973258084383,-0.013935312819156831,0.00777123135381963,-0.0009146128040912194,0.0017891871245094837,0.0023949457288807707,-0.006161814203058502,-0.0037940020100915017
177,0.007483200247532906,0.0026147322719127786,0.005681560144115805,-0.0037868740527278177,0.013947675485095568,0.019108475519195922,0.006723995065742061,0.015421407246297925,0.0031236763179687266,0.012002284277452757
178,0.02478357404455278,0.014137530099764373,0.0028252015884351334,0.018992656772120586,0.023279532002579373,0.02731130664870407,0.024208919931341333,0.03172903100914737,0.030620429027837792,0.020241782863427593
179,-0.011013030585094619,-0.0004203087472759437,0.0037563230813106863,-0.013982386680903458,-0.0042534171740741256,-0.009229346648208514,0.001869308810012127,-0.006081563932466838,0.0019227636267271642,0.004918158746687107
180,-0.015580654526567317,-0.010226320641214426,-0.0065489653625436794,-0.04256253768069618,-0.040776282560689325,-0.004409125402792147,-0.05062584683777216,-0.026352368413158023,-0.011057322684875248,-0.03425839364879968
181,0.04115900976355835,0.012657604021084845,0.0018834677256234222,0.0024482020539904337,0.021931603613606798,0.010257512273788683,0.010872458790551542,0.0016424918379704945,0.022962479565939997,0.024129004553674616
182,-0.029820053627586107,-0.010167335810588152,0.006578805279195299,-0.0436818909254717,-0.0242761092185918,-0.05322007829454001,-0.04531409653219953,-0.029659188367249234,-0.04792015348457401,-0.05757989054912416
183,-0.015719383070092907,-0.007003431052858167,0.0009338200516633144,-0.029450896926042303,-0.02855868580380705,-0.0340901060494021,-0.03331232254250227,-0.027553247423040994,-0.04203035343378703,-0.028699242688631332
184,0.02983138727639756,-0.004029128437498142,-0.003730863364468928,0.004793266557011844,0.028551414096605887,0.016162366465050537,0.008397648053649176,0.02946727515673775,0.04937111252136783,0.06265737721087539
185,0.063073925650454,0.03549402337059493,0.0009364425846563051,0.02415068980945212,0.05809357191809639,0.04040111690807202,0.05066099755963682,-0.01922933076090738,-0.02538816516743403,-0.014567309947753015
186,-0.05611709901283457,-0.04466517534210723,0.008419163691421927,-0.03130443782670245,-0.05514303585503155,-0.05612767000797769,-0.05429739155329161,-0.02297386465542728,-0.04996848318147962,-0.052560579009026887
187,0.025532752117151558,0.020124297507251754,-0.018553257432239567,-0.005750107195884868,-0.004047207105301487,0.02769581420162992,0.006322129385118336,-0.017233504957782753,0.027572498706118553,-0.016964896910019567
188,-0.052619642665588606,-0.034538881931925225,0.0018905876686845513,-0.0502876094185849,-0.028628825871369168,-0.05074831022759252,-0.07673030325175645,-0.0412282639206909,-0.050838215235765705,-0.023808014454360427
189,-0.05673469404419407,-0.027246409176716613,-0.011321177983131814,-0.021227515259240493,-0.05625146252771551,-0.03249360045446037,-0.044859761736884995,-0.02406113789804154,-0.046402263068712646,-0.047422405525361144
190,0.06902826800063688,0.04199518364150534,-0.0057249306668470945,0.03588488645592247,0.06539653803460377,0.04450820379100762,0.0898360765130819,0.06021993803319514,0.06115402001744186,0.09177732027194807
191,0.08191141434226124,0.049687117230095446,0.004798085368332705,0.022145916923588915,0.0753460953356142,0.0607924320767359,0.07306190173547034,0.0720402405969176,0.07663308818327819,0.06824241204466719
192,-0.006422914670251911,-0.02558730250668717,0.005731353538438011,-0.030357832509712246,-0.003289916000490112,0.021450835400524948,-0.019822610162110954,-0.0243295192009505,-0.017938503335327982,0.0073755898031862
193,-0.055126042612867576,-0.0670933119812045,0.004747961431827097,-0.031373285417336416,-0.05932369357220124,-0.07165322448523648,-0.0534314999204516,-0.0709028181671516,-0.04273505907370945,-0.08791655716874125
194,-0.03501872470065992,-0.030051518714223624,0.0047255248222262125,-0.02387428016080162,-0.03697885495592612,-0.03815055334396056,-0.042449574382574795,-0.02991108728558811,-0.05362243562180902,-0.043676099601740126
195,0.05781496627602589,0.038388483064834666,0.0009408478345460658,0.018806115926359057,0.03507276888245858,0.046329262729947196,0.06394480383987977,0.029333410819072814,0.0674969335325799,0.05809647400224849
196,-0.0026862051338591986,0.00464511946533519,0.0,-0.009085966679222346,0.004958374421828227,0.029228904430968816,0.009300859263022376,-0.003562227190282541,0.020554487389894183,0.0076831766469882545
197,-0.06865923294903908,-0.042442693312045976,0.0,-0.03699215131708311,-0.06093755656196109,-0.06948988971435632,-0.06121352702409455,-0.05752354816871674,-0.0674485347644237,-0.09273488648202499
198,-0.05008199100306221,-0.0394953398114829,0.0009399634719489125,-0.029157258663227714,-0.07446917640499151,-0.08815918687492508,-0.054673015966591465,-0.03508622017602159,-0.04659059344610994,-0.05069691975181245
199,0.0,0.03817102624235802,-0.0028172423109831257,0.034836330541914595,0.051973428858978155,0.07790090013244022,0.032303752636304806,0.05780402979179211,0.04385819882355935,0.053908117146963974
200,0.0,0.05444543266933266,-0.001882526932553641,0.010780852402745511,0.07144968497754012,0.07778526886010662,0.06984276538755929,0.03023648288467662,0.070114597546586,0.05777504269499101
201,0.0,-0.041609970961633214,-0.005661060275305108,-0.03672913933562494,-0.013789348433761672,-0.05534948242255444,-0.012279459188263231,-0.04164617474403265,-0.011509717612666504,-0.05216602709154239
202,0.0,0.01675880509638894,-0.0047434606787586375,0.008548618728756896,0.03134821945636457,-0.0027532252703965643,0.02761120106289927,0.03652689453907931,0.045566831238261774,0.030379397763844684
203,0.18557039746822768,0.04078321709873123,-0.0066728766517892835,0.011211828865893558,0.04297896288687464,0.04729148098713276,0.043971062764395885,0.0279772403720564,0.04478618325415962,0.0565875711793935
204,0.02686620691920849,-0.012091992099506621,0.0,-0.0063775197418598495,0.0034339957202405014,0.0022589607113772114,0.008826201039277448,-0.002729564380297811,0.0026301172305400744,0.011699916376898045
205,-0.016683666785709983,-0.029622054570606182,0.007677511899328415,-0.011453308337702639,-0.009250408540054766,-0.02477313215315391,-0.00611777629882726,-0.012799929633371399,-0.006212881910495516,-0.0351886155859954
206,-0.05481098578534416,-0.036027791327633896,-0.0009524960439537544,-0.01865686261110433,-0.031238390739393496,-0.02879881533675277,-0.03632918139536312,-0.02568701585780453,-0.027461342308385706,-0.03461319796486961
207,-0.0368833253666937,-0.017807285351151503,0.0019068083152844473,-0.022204601733101015,-0.033220897102009705,-0.04597938001905988,-0.044770650404081236,-0.04410778504510371,-0.051902297207536585,-0.026691431226233964
208,0.04675164750901839,0.016108349605540084,-0.019029891893330708,0.029927149387435792,0.025989960959286185,0.029854254531902935,0.04600011446115393,0.03134576369888009,0.03309730264934441,0.028242073758092623
209,0.033494301948979954,0.016492009208183278,0.001940099195081757,-0.0077303731122492225,0.015470340575036268,0.01453652748081935,0.031070092269636307,0.04321245862701417,0.012299469150128362,0.02759896229578973
210,-0.014727844785793032,-0.017115643941330583,0.0,-0.023307494447598942,0.009123013272753111,-0.015764809461657592,-0.006822046320864694,-0.027669248220450693,0.0005762692044803952,-0.004583903241103471
211,-0.06744462786488226,-0.02858548107870007,0.0,-0.0323398450190574,-0.03348992753159574,-0.03048645976292985,-0.05040676400481836,-0.048125164969687106,-0.05341969327902418,-0.06362691855266533
212,-0.0417550708763641,-0.038793919357924866,0.0029045137478382888,-0.015122195753283885,-0.042932260958984614,-0.03774982874673227,-0.04494975002356427,-0.027960996909800584,-0.07260929566778185,-0.030061650656513228
213,0.04293222783917372,0.03666611135742248,-0.0009653673266075691,0.004046376004918528,0.02310349054979488,0.012565949994076009,0.021759486196279765,0.006331973856718243,0.02810280353937089,0.04627584208932167
214,0.029450360691894995,0.014075756000491157,-0.002898900483632838,0.008661128536587626,0.018551815144312478,0.003617184915063687,0.0362749849945756,0.010516865544572429,0.015581770388019445,0.0007507722008261997
215,0.0439221260925462,0.03321244446274618,0.0,0.0144675879152798,0.029607524254344098,0.035115837166058705,0.03357259382828959,0.04403134510549567,0.04382887681960046,0.02489432801856606
216,-0.042175971837201676,-0.022717687659297048,0.0019382190264951582,-0.00830058469997963,-0.022950326713903513,-0.03445759211041499,-0.03331850609464293,0.0033228287760693753,-0.0168556023179689,-0.044386821045002134
217,-0.02032821933753992,-0.017430259532239756,0.0009672348003544329,-0.007156366971020955,-0.010081665083107594,-0.012220715685848815,-0.015762492934153438,-0.038298298943859055,-0.01836921657559143,-0.013300841013142328
218,0.0349394462487056,0.02041150280956683,-0.000966300161210909,-0.007156340294880215,-0.010081613711682813,0.007742033544416271,0.01296401975041439,0.0,0.018453019582832297,0.03860546249611696
219,-0.020605270937864573,0.0005763616220342271,0.0009672348003544329,0.025310770288899498,0.03482042076193648,0.0020940280941350586,-0.008102533526502032,0.03726268117679887,0.00474664030012284,0.0005435980712411581
220,-0.024357360213338453,-0.018079749655777633,0.0028979351488063188,0.007392436701654903,-0.004195001796899911,-0.0208701813715525,-0.01026505871350647,-0.002383533545101235,-0.011378647459706293,-0.010730803843464365
221,0.0320503744988736,0.02608726783027282,-0.0009625454321443572,0.01945803822844594,0.01975428757963682,0.026992737573832803,0.029344517510413448,0.03421794201806061,0.02414958022544056,0.02794180170113414
222,-0.026313416465826855,-0.029910155025326013,0.0,0.01070893822324015,-0.021938942627047986,-0.02276274711517856,-0.006926545966259634,-0.01683166846112938,-0.028848069846595492,-0.02364255966348472
223,-0.0018863585582623577,-0.014929144772766745,0.0019279091098280965,0.00045947487625008776,-0.005595796972564404,-0.00069540899003806,-0.001789905275107584,-0.008308232715957597,-0.000774917717871304,0.0017785389816695751
224,-0.01959629127523177,-0.0028001086335558423,0.000962580523563128,-0.007761559167186682,0.00025194338632106295,-0.010397539569770076,-0.008707398535279243,-0.012185834368126147,-0.009564659395901676,-0.006145459375557771
225,-0.046893778774432904,-0.011615113590350057,0.0,-0.02667896434576189,-0.03136825407890753,-0.02594939190218537,-0.019401222679042984,-0.02964103575034882,-0.029806346014641494,-0.02576433265815592
226,-0.06855157494815689,-0.01744188802451152,0.0,-0.021960630423562333,-0.047765021656478224,-0.08706203270217772,-0.04536473742516722,-0.04599626869898099,-0.05192078951348367,-0.05133995692897397
227,-0.01807952781864397,0.01951043446953027,0.0,-0.01564653467675292,-0.026341961391757263,-0.030099557065441207,-0.04050534300039177,-0.02989079983825882,-0.0321207925297069,-0.04259583773665032
228,0.05286931446342247,0.02017215153667662,-0.0009616548533308844,0.01950107268399104,0.05048285338518266,0.04630331119686537,0.04628684189583043,0.03119336449238297,0.02263269082572572,0.04301576376341942
229,-0.05797534200651788,-0.05058406067118648,-0.017324526186325184,-0.027752179517606,-0.03615542420165285,-0.03686426187221781,-0.04903550845702909,-0.038482864434950526,-0.06404448456908429,-0.045559509379575536
230,-0.03289067715192329,-0.025266713242754313,0.0,-0.01584693049789665,-0.02123271254703507,-0.04413681778604439,-0.03576203294191871,-0.019145686538969198,-0.03981867881313261,-0.04274230436701787
231,-0.00804446435943773,-0.016223342737793023,-0.0009785722044394207,-0.014289306115156553,-0.025682802805190863,-0.003003357871159462,-0.005224961602742106,-0.014026532766702293,-0.03298453909078769,-0.03528075593534852
232,0.011538326852128078,-0.018022181320425212,0.0,-0.005260264647244051,0.0010720558783561263,-0.001955306483921615,-0.0006708793530941781,0.0021886507194250893,-0.004090559610355093,-0.020016894058241252
233,0.05709816242672239,0.03416836619101771,0.0009795307460007674,0.014573213702051557,0.0384368690972654,0.035286422707758724,0.039178740539396184,0.03097085046281567,0.051871519312798764,0.05481347234284728
234,-0.035562376280132924,-0.01796964016681679,9.883579264835518e-05,-0.018191482681204962,-0.013387096084874761,-0.03353774395016751,-0.03047385779440448,-0.040342799931260664,-0.036402577510955436,-0.0370945778741103
235,-0.008391358889002776,-0.0014354754585540475,9.784754960384667e-05,-0.004862872270521956,0.008969368980606962,-0.009192336459210804,-0.0058147857591818175,-0.017557934123515584,-0.023267997511003613,-0.004836615361712315
236,0.054690652774626036,0.010054056696622071,-0.0004901682617518555,0.011158999784628199,0.02684949314676688,0.044583477135157645,0.040930080213756215,0.03717320848468142,0.0564105914911428,0.05337648387204297
237,-0.07253218324057342,-0.026997373501812194,0.0003925226875176602,-0.021700687773292704,-0.05050482928808242,-0.07646898140071834,-0.06227468360821886,-0.051890489385656546,-0.08215619402846797,-0.06046622681333613
238,-0.05739300148589155,-0.019756689027291108,0.0011751490707418988,-0.020654696571993925,-0.05949816133865404,-0.037022188337593964,-0.03412660191691275,-0.03115590038785565,-0.09116633248697859,-0.0764194245355343
239,0.03454317612698188,0.0034473141083097847,0.0005863961946797058,0.00016132346447617074,0.010233875863663977,0.02654602204526113,0.021387752771329316,0.01725798324798644,0.03348774797378207,0.025186543237336156
240,0.026782665452859122,-0.013224206109048176,0.0005870292899290419,0.004494800233771912,0.03917893744889622,0.019143552358588778,0.0180309390640927,0.007481612694701045,0.029463599250549866,0.048225684155180915
241,0.00844236684038635,0.014126276564860207,0.0003904724716907726,0.007771928562966268,0.01903139049260849,0.04940339685675155,0.0015543504562598454,0.007112220517902834,0.0334737021326148,0.05026043225234611
242,0.056496590328306784,0.03136733872598718,0.0010743559718968676,0.029275535480299375,0.05211701900704746,0.04522685579428165,0.044032302483426156,0.04174883774907201,0.0813536166268034,0.08711468292003288
243,-0.013067622189238959,0.003292141601306975,0.0006833018000762525,-0.0025388701896552623,-0.0037366818848543204,-0.011143302580478576,0.0014920876062840538,-0.0029906686270259053,-0.002171395169252577,-0.008667227617436324
244,-0.004210069133716576,-0.013370682553335733,9.740873288777152e-05,0.0025866558629972225,-0.013962735728323739,-0.014976151890698786,-0.005780889374290221,0.006299305139714884,0.011712708071033973,-0.018099601629990247
245,0.025477290802536245,0.007664926235361413,-0.00029317172850551465,0.009360196892505668,0.027107908377096646,0.020033667548854384,0.03432579821948889,0.02653022870206123,0.028658242761089747,0.013043839918761346
246,0.057122300970188666,0.07660591250856696,0.0004881133202325749,0.04708257249071557,0.030384730507769797,0.05214224760510877,0.045433571465663736,0.03910566575007057,0.056027014977506395,0.03430991568666286
247,0.013729981163683735,-0.02973918755066851,-0.011696344928727398,-0.014275705965766772,0.01549803208665379,0.006382924826650038,0.01911098643082121,0.010619428255511432,0.009609217631455502,0.008125265529991044
248,-0.011012495676720468,-0.027762494621782152,0.0005921818205107954,-0.018107974162903218,-0.006956004882662126,-0.012714475030078165,-0.021141218653225824,-0.019817540719445526,-0.0267073823713736,-0.029798873497373646
249,0.027216212362425996,0.025530478088564346,-0.0002954233022023356,0.012550143054959939,0.010655409287098738,0.03413521532661701,0.014204292175483246,0.02134668818528196,0.03727844308745354,0.013489787985669466
250,-0.02070907606255079,-0.0010709095500982535,0.0,0.0011259615858763006,-0.00012836806489180397,-0.01217755754715144,-0.006089488517253994,-0.024583390730652188,-0.02199744997871056,-0.021657361478403137
251,0.009919420055874983,-0.0037259401252704993,-9.948856964991926e-05,0.010270732952346373,0.010654421523232704,0.012357069436887969,0.003071135041915918,0.001321521710127893,-0.0005258079769486779,-0.0029976683925156955
252,0.004483852026516466,0.017182170352536108,0.0002965251391253698,0.01422511563350115,-0.008286127815118727,-9.669173057391678e-05,0.016440843973503094,0.019607831662274977,0.0033902293001546457,0.005705038002738361
253,0.029674402658596,0.026023050013932236,9.848413223667585e-05,0.017308472680384046,0.01947957263618516,0.044343031065603666,0.01930868236770178,0.01793636092131301,0.03256434162260158,0.02966651974936596
254,0.03801267765434013,0.04795382869920073,-0.0003948824806103701,0.01380608336278999,0.03329122396632922,0.0344190477752242,0.032750228842580054,0.025249760079210537,0.04191819666970731,0.04131918863933137
255,0.00601949533170032,0.01569409888949247,0.0002965251391253698,0.0026369597783237886,-0.0038847840106014386,0.003360948483632553,-8.177201465553452e-05,-0.003011999877173377,-0.004494233002397818,-0.0008579321941625251
256,-0.014576412694517038,0.010123718629659662,0.0017736992215815484,0.008200021611409314,0.004347449413383275,-0.01111955178737778,0.00012507903894487526,0.006220007934293337,-0.014849053345887264,-0.0025760066214997046
257,0.0067139468463688345,-0.0026804593384680553,0.002952242101547986,0.004266960403058073,0.00539342750217342,0.006603322216000018,0.013258278412743074,0.009183982915968114,0.010766344706035325,0.01707442112263391
258,0.026623339003849944,0.027735755108452276,-9.802038039752325e-05,0.006187754067675577,0.012254324174455933,0.019124334170386836,0.030412635383954445,0.012600630348402753,0.030152374096825474,0.057558028792656035
259,-0.010365406254102538,0.00871965833683963,0.0003921199573373446,0.0016503083470860158,-0.002985273643320241,0.009426722914881891,-0.014140298245415961,-0.003197374290482058,-0.0015377285005565566,-0.006002818117163411
260,-0.011677033329057784,0.007078064941530959,0.0010788871293958557,0.0012886612403699704,0.0013459505072594968,-0.009787292963796212,-0.004433738255152253,0.00043351446218786727,-0.0074349121089130055,-0.008521792792880789
261,0.00619194630060127,0.03608561171828639,0.0012734963004001898,-0.0009928119925932677,0.011237374829848212,0.008647961721706565,0.003580599293907749,0.002252975590074646,0.0029427294489363653,-0.0033838830401592412
262,0.014595726394622366,0.020569328531570008,0.0007830692796348959,0.019738316834081227,0.016006960766557166,0.01776263100870379,0.012213957134490805,0.01625459436064869,0.011949856463032038,0.01473587799789633
263,-0.01594094776201882,-0.03265603643969539,0.0010755114540503818,-0.004620253089102411,-0.021608754054304846,-0.013206231837173177,-0.007017265127653327,0.005274787725929375,-0.012177765214007263,-0.006424426290953078
264,-0.05152817382224184,-0.042330156778358385,-0.0001951600312255497,-0.020259812050856807,-0.06956431319538314,-0.05823852335110191,-0.059910482921083585,-0.05280210157618215,-0.0806948109058927,-0.07414829659318634
265,0.03443992773261062,0.03262928128912135,0.00107358969353899,0.007607601959733312,0.049030199175483125,0.007011911801976911,0.01901931500395926,0.019506332624572353,0.035218847165749745,0.032243618450515044
266,0.03858749044864096,0.020158846112000584,0.0007799551525786708,0.004181054596360312,0.03733405933913736,0.036390753169276646,0.03682209620860766,0.015143271672107383,0.038294922890313554,0.04504699927693423
267,-0.0072520889169163105,-0.0011959900054847594,0.001266439357038518,0.007370025465157415,0.0014606119735949274,-0.008661318175277044,0.004292843047966066,0.00580616346583307,-0.006286159323542484,-0.009824949837404007
268,0.005134720237149892,-0.0021507836631964317,-0.014594279042615343,0.010148444059008499,0.0037373593505198865,0.0003629072499795605,0.01248813296744311,0.000888099467140302,-0.0016794491406818546,0.005240723918664036
269,0.006214451232357199,-0.005189822139674227,0.000493680884676051,0.015453324930816192,0.0003575867999388027,0.023584948440518394,0.00755720383458125,0.0015084294587399683,-0.006897325183648273,0.0015292645627693613
270,0.0013084894797446012,0.017463927347603603,0.0006908121977695636,0.01166545245226347,0.0037050906697533303,0.01407034285385178,-0.00016667824154459332,0.012758040223265654,0.006324110671936722,0.03636868406440863
271,-0.015903507396372363,0.012384181473566569,0.0009861932938854956,0.012633357041251791,-0.013550258059774944,-0.0074661750378988145,-0.003278551880305125,-0.010935176275041592,-0.02755021883065878,-0.028998124832574357
272,-0.012654866081506344,-0.010144181640522998,0.0007881773399014413,0.007409943723057699,-0.0020229226361031527,-0.005427175491879099,0.0007015392048912439,-0.007164337519900976,-0.016213721077837362,-0.0028967515001034894
273,0.013677811550151908,-0.0015748980837484439,0.0003937783028156172,-0.0007756329251819016,0.007826721103435519,0.002389835234137383,0.0068804783835982875,0.002761692650333991,0.012082111436950038,-0.002420972539254329
274,-0.00997731222884135,-0.007426527192863297,9.840582562481437e-05,0.0018577309517164853,-0.01020454674947291,-0.009845605019051074,-0.013998911810544357,-0.007640369580668049,-0.011937876680574888,-0.0003466925530439813
275,-0.01673836422358921,-0.002402786015177072,0.0003935845714848618,-0.0010098459984851926,0.005900333296875893,-0.0037901251633097877,-0.0041854113861895526,-0.0214861235452104,-0.016480938416422286,-0.015606575570507042
276,-0.042878560719640135,-0.058118263997926745,0.0007868594472313362,-0.023310937404686594,-0.028653344320834995,-0.04053406858027808,-0.03292899977928365,-0.02296431838975299,-0.041803327568727955,-0.0341037204058624
277,0.01969412166780593,0.021541922588267592,0.0006879606879606204,0.0041132068737843586,0.016496108685790434,0.005360116812293203,0.021944243460188195,0.0004682086337672864,0.01755041075429431,0.01947767726874816
278,0.015585068498889854,0.015067136689507654,0.0012767629149479376,-0.0004087471898630568,0.008276485623373464,-0.004287504060136449,0.014065098598241788,0.010108573567952028,0.015412844036697182,0.009230769230769154
279,-0.022496321658897478,0.012962688372601283,0.0003923491907797949,0.0021245766403243938,-0.01054235047279628,-0.011515196704351638,0.003420645705449532,-0.00685693106004448,0.007589447054571652,-0.014534883720930258
280,-0.03388805266785766,-0.008066380067489498,0.0010785371114814257,-0.015754178050597867,-0.0339566957724059,-0.029993164085519664,-0.029065097599701106,-0.026497480873297286,-0.04041128646580583,-0.022663500971292883
281,-0.010804042051311913,-0.01349892428019972,0.0004897159647403448,-0.014501243736255831,-0.012298088834898913,-0.015105490563928625,0.01128340291271468,-0.017155453325666037,-0.03706703214552709,-0.019876325088339253
282,0.043864813942534164,-0.000181083826065076,0.0004894762604013003,0.00154553851500272,0.04529319719193148,0.021776999185768142,0.00915524440935589,0.034812286689419825,0.04457527333894018,0.025687246507435813
283,-0.013325624682723247,-0.007189542483660105,0.0003913894324854006,0.0061360897037876505,-0.019029589934762337,-0.015237276511895215,-0.007681903226870679,-0.018563889935921618,-0.023287501548371115,-0.0002196836555360404
284,-0.057009332437724214,-0.02901401524465208,0.0007824726134584292,-0.013903510364104976,-0.031660263756360885,-0.025345384815328886,-0.0249481138124118,-0.0236197791646664,-0.058719086873811,-0.029370834248882982
285,-0.017034948925464533,-0.036791674494972226,9.773260359646763e-05,-0.018940509497864855,-0.004408852042849909,-0.03668704556318714,-0.024320032731948715,-0.0242895073261874,0.003637833468068008,-0.016978569272562583
286,-0.06071725924326987,-0.048119408048170276,0.0,-0.0298035610424211,-0.06615464209605693,-0.07256952424729946,-0.04269361143421979,-0.04061681112678894,-0.07423815277218415,-0.06010593382973828
287,-0.05173998686802361,-0.03336570415445339,0.0007817844229454085,-0.018168457083184264,-0.05968170635993697,-0.06958000799770203,-0.03195677908207695,-0.03351192352137833,-0.08794953596287702,-0.018294674942829103
288,0.08265821908322946,0.03748525291254978,0.000585880285128404,0.019125091095310243,0.07261594141907257,0.0801588406569127,0.04972229853849841,0.04619565217391308,0.08021305350186814,0.038186356073211414
289,0.08704411364980902,0.020033225837975177,-0.013564945837806208,0.014398361099300372,0.06465914664050998,0.07305017400904501,0.04645362591796198,0.01828571428571424,0.0749926405652046,0.037503005048481475
290,0.045140982834953824,0.02387256353533429,0.0012861100118717328,0.019099967611027502,0.04582557903852891,0.035263273342594825,0.0282375326732478,0.026425874910723346,0.07749709043609232,0.01274426508071369
291,-0.03961664039630719,-0.021112802932995334,0.0004940223298093294,-0.00573944418998118,-0.020989698955800606,-0.033265061091884984,0.006338501747976677,-0.01570576540755464,-0.0290361522333058,-0.013575350823673005
292,-0.015459914127870289,-0.007612294376808548,0.0005925340707091387,-0.011507544775066991,-0.003755248950209955,-0.015242756950822445,-0.032393364928909985,0.010603918400323264,-0.0207433581991886,-0.011674655945569823
293,-0.02412705027833184,-0.04036742235181834,0.0002960915909988593,-0.02391074842354557,-0.01577007839878608,-0.04619232583156252,-0.01652095119143826,-0.01209153592485257,-0.03815569662545937,-0.025580849565829622
294,0.0035384732707999245,-0.009343832978985556,0.0004933399111988201,0.0075711070186208485,-0.010467712826160103,-0.002905652410635895,-0.006056018168054456,-0.011531458628363356,-0.014728359038488237,-0.020873474630700106
295,0.06919768378497504,0.0609393277883703,0.00039447731755415383,0.012572047502998007,0.0694616183598773,0.05671668403251773,0.03500921954543634,0.04645927138763817,0.06790297560287684,0.054198097736962936
296,-0.0194029850746269,-0.0006077285710565095,0.0005914826498423231,0.00490907701711496,-0.0036651847912174684,0.0023358818876877407,-0.01700691798628018,-0.021024838646587107,0.0077913502806206125,-0.010033444816053505
297,-0.026715952743350035,-0.02978812123739283,0.001182266009852162,-0.00975118325761748,-0.045356697322231576,-0.02955395516931192,-0.007727160797833088,-0.0017980221756068726,-0.030596868243464637,-0.020505971087366404
298,-0.017604480057192173,-0.005112639232119243,0.0006888407793741447,-0.029906326781326764,-0.010405523679859918,-0.030898495731128905,-0.010045612241352808,-0.015710997698388907,-0.04068667207353338,-0.018368492821047577
299,-0.008762886597938113,-0.0018719681765410057,0.0002950142590225635,0.014147769994855341,-0.008574095911949686,-0.018229618235211853,-0.010227768391182113,-0.017486783245221682,-0.014583626884599132,-0.008988396796862252
300,-0.041341653666146616,-0.015003832108561377,0.0010813999213528103,-0.020086629075371176,-0.03479742287201093,-0.05337974885480523,-0.041440200185394405,-0.040045529801324475,-0.05068992636019165,-0.05128627968337729
301,0.08659997766397032,0.03555441638212753,0.0004910144358243329,0.02164325465170691,0.06742488912280242,0.07180388451190822,0.06444334059058532,0.07545542740109945,0.09218255761409844,0.09812271858160959
302,-0.03638392529402268,-0.03603977900552491,0.0008833922261484162,0.0011790958965514076,-0.013474998196118082,-0.019081633226076367,-0.0035247801976855397,-0.03698506565099724,-0.026823886360502036,-0.02635536208943412
303,0.0006551981593503342,0.006263296896779291,0.0009806805923311401,0.0016059644546533303,0.006387634320125235,0.013584918622158382,0.005041824223673608,0.029038301415487133,0.014029618082618933,-0.00024386278653876214
304,0.047128152028261594,0.05090630724225598,0.0012736357401783582,0.025799994169492857,0.0432849831935318,0.04608250683415038,0.04250172257389728,0.030140588651764944,0.05107958912724486,0.04496300512236773
305,-0.023252432125874356,-0.012383256588360814,0.0010763209393347406,-0.004120801045830902,-0.008202621588046077,-0.013314543952573032,-0.010584526430408858,-0.027000490918016706,-0.012631299029384424,-0.017973856209150374
306,-0.010615173892329688,-0.004074142366690348,0.0006841950933438312,-0.0022163668705470485,-0.016622865805477338,0.017040137897069707,-0.011697367851942309,0.017658930373360304,-0.009426339886883905,-0.009349496870295515
307,-0.015047776690993886,-0.020445228124311265,0.0002930259816369407,-0.010315175319846714,-0.02564148349195583,-0.010265846690232894,-0.01490904316620223,-0.008031730292513584,-0.02882001087547581,-0.005678637127089492
308,0.0025360934993508,4.500207009527912e-05,0.0017576408553852119,0.004700805301891986,-0.01246174427767699,-0.007708574566052895,-0.010608102438037115,-0.009996001599360205,-0.018197088465845446,-0.009089446589446548
309,-0.008716721781137138,-0.0099270099270099,-0.016083438931669747,-0.005349952061361463,-0.013633467564842516,0.0007067215243270475,-0.02121916660014367,-0.014539579967689842,-0.02929854576561164,-0.005601103985713118
310,-0.024842810804163062,-0.008044869464038928,0.0002972062611452664,-0.011008077731294974,-0.03481189286139841,-0.016631811761614324,-0.014007615494013081,-0.0002049180327868827,-0.034735991774987096,-0.007183673469387752
311,-0.01325808333201961,-0.006588895100024694,0.0001980786372188792,-0.006754385964912291,-0.02262419918651648,-0.005711931590433372,-0.022881544323298697,-0.005943840951014523,-0.024041387705416972,-0.030422627857260354
312,0.026696702453987697,0.020700343160769075,0.0,0.004827931349171255,0.030739775567728556,0.012407753726245474,0.026173910743102047,0.015257731958762788,0.04100405363267856,0.005427408412483015
313,0.009912391267136611,0.005919673197888775,0.0008911773442914495,0.01232433910487396,0.007062329085186558,-0.006797040052208381,0.013132115162514335,-0.022948822095857024,0.009884678747940745,-0.0024460188933873583
314,-0.033790446841294286,-0.02680969964870672,0.0013850415512466352,-0.007119360222263005,-0.01908506945556321,-0.011314976195116566,-0.015465727560954545,-0.012471419663271699,-0.02795491620940238,-0.009216200219835935
315,-0.012773693527038499,-0.0017263822598067025,0.0004939735230191644,-0.013194329741651578,-0.018268119585017284,-0.021081029326454614,-0.010379406595678708,-0.011786992212165837,-0.03760775040048825,-0.0301245946407237
316,0.019626530546312138,0.014371323937409919,0.00019749185346107367,0.0022645596416088765,0.02424766401755729,0.020355560669696793,0.013841589536802923,0.007987220447284393,0.03376664552948627,0.007215134183897964
317,0.010662061754408203,0.013784803894754116,0.0004936321453252734,-0.0027015079326097036,0.016778022349053012,0.0075839592214177465,0.013606248261223586,0.012255678816692983,0.01970556663088474,0.018258058880055827
318,-0.02145969840423867,-0.01776111081134557,0.000394710874284554,-0.005526004728132361,-0.017740030013729702,-0.01206538588528927,-0.0028514356292218546,-0.017117211147061884,-0.013910820362433296,0.014241592312971951
319,-0.013968762515017996,-0.004458767841938105,0.0016768593410929622,0.007101892847591662,-0.0123263358406418,-0.008598763998481918,-0.016948547777064116,0.0004247637251779679,-0.0024401403080677175,-0.0018609372356622744
320,0.018049485808977694,0.001489846968805164,0.0003938946331856208,-0.018804831031905223,0.014066521415735833,0.002554008421942866,0.02154964559233008,-0.007005625729752718,0.008943586607552456,0.00279661016949162
321,0.027224562747350856,0.016905728296203737,0.0007874790825868061,0.020919369712521618,0.025814952809980696,0.015501578653414283,0.0230137097551939,0.021485836451095697,0.02409273429805281,0.012084847460491766
322,0.009895914245766635,-0.015044383640813064,0.0007868594472313362,0.005076042454173146,0.008789192267535606,0.0058871067311685454,0.02915449001969761,0.010883214734198399,0.0010357327809424888,0.02638610554442211
323,-0.004553355792453084,-0.006307702181108099,0.0008845208845209562,-0.012132697718036933,-0.007420463669209121,-0.009440120512176797,-0.012602266865294642,-0.010455486542443104,-0.007390436774813436,-0.01521314676212171
324,0.02304090494660871,0.005951007980809164,0.000883739198743072,0.013270573344144942,0.01822536510765227,0.014154317545608697,0.02699100137201005,0.025525682602782762,0.018166927257836418,0.018339529120198206
325,0.013564544877798346,0.00047693295423267834,0.0014715981555970536,0.006841160167076588,0.01912800620636146,0.008097480783756161,0.00340406110194591,0.00367234520044879,0.012431444241316258,0.022633244098320793
326,0.00710879284649768,-0.0005225426743183936,0.00019592476489038724,0.008713857844895312,0.010389325668211491,0.007828597243187962,-0.007543128977081537,0.013415997560727755,0.0,-0.014596224020307802
327,0.04816727584829161,0.011162577390506856,-0.013712047012732653,0.006889725948418413,0.03843580671797864,0.036154918413644266,0.029647523882727622,0.009126466753585305,0.0297580353918383,0.04427628401223638
328,0.020033318274226275,0.0005896119446309189,0.002681231380337712,0.011995991792718375,0.010592605490742368,0.004779766709399613,0.013205298811615807,0.022858278672232224,0.003086203268569898,0.012565525747764372
329,0.006698869219803116,-0.00549375832902721,0.002475982965237211,0.00159370815337323,0.00949372541136606,0.021527394922685072,-0.001198980409026218,0.008161678973960251,0.015103838892385202,0.007460982108869363
330,-0.008400357462019614,0.002789400278939924,0.00029638411381149865,0.025891856775663635,0.009393063583815087,-0.01429929839891031,-0.009016892928978226,-0.013974556669236748,-0.004615278638837261,-0.007254590795737981
331,-0.0060451444734068716,0.004526984646431531,0.0005925925925927,-0.0012756857958352574,0.0007496378629121558,-0.0026124636940549895,0.007406756700525596,-0.008405825432509006,-0.0022145328719722635,-0.00015224175991479516
332,-0.015971989733288727,-0.009366092032034756,0.0005922416345869319,-0.004401683483119201,-0.0015657384878795533,-0.01642164038646532,-0.010317085148078609,-0.005125677673730955,0.0024275211541129327,-0.009821088694328184
333,-0.020257148122421742,0.023074815017813055,0.0007891881227186648,-0.008897667592737912,-0.026743910556539574,-0.008132630985855593,-0.012056964520063218,-0.012384821163182402,-0.028575382273576366,-0.008842072889435615
334,-0.022889718436206796,0.012357584199435667,0.0008871365204534687,-0.004516711833784992,-0.03806228373702425,-0.02142003526240477,-0.01875208291283914,-0.020264847512038497,-0.0366809116809117,-0.03413234039252189
335,0.014304329799206261,-0.0026547892044451737,0.0002954500689382744,-0.0057252979587254504,0.0027656266946241015,0.00802830168013835,0.007749416401974685,0.0008191685439278285,0.004731977818853927,0.009396835595534503
336,-0.0008467400508044287,-0.0006544097489366019,0.0005907256079551448,0.012476242449332986,-0.006411296379750686,-0.0011082740261857404,0.006346478819754253,0.0027624309392264568,-0.0034586798145559428,0.0011935073201783108
337,-0.027790765634132075,7.079332772885749e-05,0.000885565285840828,-0.0073135826332614284,-0.01748932618923793,-0.009746228231429455,-0.015622273059597624,-0.006938067544128179,-0.012701225815979877,0.0
338,-0.032357449878265054,-0.028076415987541292,0.0011797090051119952,-0.017253161831475072,-0.017843733458077438,-0.014988411305293492,-0.014221847402644094,-0.0019521216480016257,-0.03792071802543007,-0.007073035047286069
339,-0.004053739224974762,-0.00211216314639473,9.819324430471177e-05,-0.010192611785326489,0.006091485081501924,-0.004466252195489129,-0.005278891724389334,-0.005044266007823706,-0.0017103319598849032,-0.006963342404354145
340,0.015657164244276656,0.00515473323115101,-0.00039273441335296866,-0.004340378026715941,0.012576383308728678,-0.0014450219553723276,0.005385092773127376,0.007863424728401514,0.013160968771902537,0.003062787136294043
341,0.03397924087949877,0.006353643814727805,0.0003928887142716775,0.02394231419816939,0.03985039186013606,0.029979919903974528,0.025488356720342553,0.009752592136331062,0.047271329746348956,0.02539172358376862
342,-0.009637516520396239,-0.014800717938542318,0.0002945508100147265,-0.018964638359733388,0.002733145602120235,-0.013641487548398668,-0.014124226840770637,-0.017893452623017447,-0.016587155963302735,-0.015516025389859744
343,-0.03564145624662629,-0.009548483960744147,0.0005889281507656108,0.0006350733702189526,-0.013994265419061014,-0.02022901184810577,-0.012990072354029936,-0.007039337474120111,-0.026643779386521405,-0.008119079837618393
344,-0.02706989038326979,0.005952546007449877,0.0007847753580536576,-0.008048773451548641,-0.022312506731448134,-0.0029302047762337358,-0.006658451167299018,-0.0052126772310258085,-0.022695905535960792,-0.010994302222935515
345,0.0259372902483459,0.013497744250365207,0.000294059988237505,0.0066793338115826995,0.012882733465118701,0.00345310892834938,-0.0029862309744232984,-0.006811989100817484,0.006982582771065449,-0.002109704641350185
346,0.021402869292957538,-0.011160269079436458,0.0007839294463498625,-0.005652764269137078,0.013153919590095597,0.00037735211457978757,0.005547713781248964,0.004853856705708592,0.016673159329957166,0.008456659619450413
347,-0.025865092800170797,-0.007068790054184926,-0.015862136492705403,-0.007708995118927753,-0.01143255863882775,-0.005748226551064106,-0.00921474163018754,-0.008295705134936493,-0.019541727335428027,-0.01443315594258987
348,-0.007655577299412908,-0.0011357340720221654,0.0006964481146154444,-0.002030060511419074,-0.0036256801920826476,-0.0029615116733390234,-0.011492266908886273,-0.007306226175349373,-0.003751758636861058,-0.00989937004008834
349,-0.019326034140030868,-0.002070680458877594,0.00039769337840533936,-0.010024253804326588,-0.012079122795333075,-0.005685045094163899,-0.011041584474863031,-0.008426666666666693,-0.011140750039227987,-0.008345727978846473
350,0.021009958012258467,-0.0027882504423221155,0.0004969191015702368,0.0029438786094619918,0.004768150227375756,0.002661716407253989,0.011185061000242413,-0.002796901893287407,0.01650269755633138,0.0010832430630780543
351,0.02468999637606939,0.0013097759447107116,0.0007946756729908522,0.013494213247968512,0.015566290928609838,0.013227679003765536,0.015850424725464052,0.01877022653721694,0.027864502029347538,0.014233394373231123
352,0.01240889380939203,0.0011967381926469844,0.0009925558312655625,0.00915496379804659,0.009796031135883121,0.0011975509240258475,0.007265719861764497,0.005929690808979204,0.004708026425696676,0.008535084119819514
353,-0.022007563676128883,-0.008052111710309284,0.000793257312840856,0.0,-0.015327698703955894,-0.006530919382735423,-0.017774610905860966,-0.010000000000000009,-0.013906734184868874,8.13735861340259e-05
354,-0.02060815008075534,-0.0008687285736971306,0.00019815713861093265,0.0,-0.012691029900332218,-0.012022858693256033,-0.013674058542063161,-0.014247740563530065,-0.019851306813826963,0.016192026037428864
355,-0.006390232300007903,-0.00869483919222136,0.0001981178801386818,-0.02285312557180963,-0.010296789824348895,-0.00453697664572672,-0.010694944711720056,-0.025671448603171165,-0.002893337503909965,-0.02906557770838336
356,0.010532699243560595,0.002744506271809888,9.903931860955062e-05,0.005775447449341664,0.0035359717122263046,0.001695470507434127,0.005988328869244608,0.0027676298018377565,0.001725354874127616,-0.00016493485073398872
357,-0.01647136856068976,-0.0030191589620112147,0.0008912655971480277,0.016883880450759392,-0.010650617846714838,-0.0012852290461764504,-0.0003239554966136815,-0.0032015897549128036,-0.009238236905973585,0.0028868360277136684
358,-0.018417122946739695,0.0,0.0004947066389631161,-0.013327166025844828,-0.01583971010341889,-0.011760042283298078,-0.02670967219257292,-0.0008860338907963339,-0.012090082971157656,-0.007977629739287728
359,0.019302492966040807,0.0011320754716981352,0.00029667721518977785,0.0010645570856528952,0.0034922342074463764,0.0007906195317903819,-0.005389685723055426,0.004434098215275517,0.009198528235482284,0.010446028850936928
360,0.027185774810630337,0.009263098379193258,0.0006920415224913601,0.006702504414677124,0.018995441850495176,0.008573768682509142,0.02099036002154997,0.02185189272707211,0.02916699690893232,0.014686576960945219
361,-0.0011873886823110524,-0.01123217837035373,0.0006915629322268302,0.00045548814761686707,0.0013425725422260282,-0.007919184007279867,0.011946966126355152,-0.008316232854519878,-0.009318444358875633,0.0033152745209024115
362,0.010370717972782773,0.013588290840415462,0.0006910850034553828,0.000997742969786719,0.010627320864767364,-0.0022466822250861718,0.011962860961483912,-0.0028316270964930945,0.017957089552238736,0.009348807221147615
363,-0.003994240862012943,-0.004499762434902466,0.001282557221783831,0.011390028644422179,-0.004059498554109364,0.0025950298777543956,0.0007554116993762072,0.004477937964176393,-0.008705612829324139,-0.0073458958799105245
364,-0.017268982668842803,-0.01256831623867638,0.0006897231254310299,-0.023269832461033535,-0.00543881942014568,-0.009227394334728078,-0.007788364443466866,-0.006958790910079338,-0.009244280101687097,-0.007400257400257404
365,0.010755409338226052,0.009174224977017031,0.0004923198109492155,0.0019298400289966544,0.0015307035681439984,0.024191233752921315,-0.0012746619374861545,-0.005365159312383683,0.0011663167716351452,0.00291734197730964
366,-0.02146970455683528,-0.003897408927414303,0.0003936620411377767,0.003754473102720146,-0.03407389147382367,-0.02337963889667316,-0.012440032083781083,-0.006605019815059454,-0.009242000621310975,-0.0066257272139624845
367,-0.020645429540075533,-0.02944393113721644,-0.013871126414166213,-0.023825758313689605,-0.02548233973050229,-0.00946915351506461,-0.019416136694506148,-0.03922872340425532,-0.014188288782629122,-0.009598177972995003
368,-0.020868372495550402,-0.027947504929912714,0.0002992817238627321,-0.013860062265506512,-0.03467284702308471,-0.0125688745950292,-0.020368402408785014,-0.028489042675893916,-0.029898218829516487,-0.014044021024967157
369,-0.0036856061237763305,-0.008444426678392292,0.00029919218111107426,0.02501340726724477,-0.0204074712097988,-0.0166744500724455,-0.005344209641911402,-0.010685029087023623,-0.012868852459016367,-0.026072469804248266
370,0.02132503096648919,-0.010622751232097993,0.00039880358923238823,0.001678200179666245,0.004874097357325358,0.011976594798979612,0.015081609631700799,0.009720388815552594,0.01204018932159756,-0.005302771125555883
371,-0.0001311131506490648,-0.010869233041653548,0.0002989834562487914,0.0034493293518216284,0.003093543519749664,0.004313975596255126,0.010549323221151319,-0.004278583313525042,-0.004594683295044311,0.002751504729148646
372,0.05078022554419093,0.03176107106076209,-0.00019926272790671273,0.00010803484614863024,0.035455731849714844,0.01574397469461597,0.0354713795062358,0.026259250417760782,0.04088361358391035,0.04107357228605735
373,0.02013852057529708,0.017397987702627127,0.0002989536621824662,0.017814003731709604,0.022600031840373624,-0.0004128599991742865,0.0108969745166827,0.015585019772039965,0.0380899588216661,0.017214397496087663
374,-0.016575683899873073,-0.02064222433702556,0.0024905359633393687,-0.019374011037783134,0.010742155826127586,-0.024103281232483065,-0.02185776025173769,-0.01122308749427392,-0.025020977954077317,-0.021862348178137703
375,-0.009655901606207107,-0.007553369463951243,0.000496869720759241,0.00880593490495496,-0.007515322658280699,-0.0003930009552945979,-0.005726531401753054,0.0009265693768820693,0.0020342696189656895,-0.004470198675496695
376,0.014962632669722975,0.021177159353581887,0.0006952721493842517,-0.0014532190264407996,0.01207935645741176,0.013107198374150864,0.01730413814640941,0.01504281416338804,0.01670961193097531,0.009645767503741798
377,0.007548921030242184,-0.006207557800468555,0.0010918114143920743,0.00480553222246094,0.005552289920261799,0.009445001671681608,-0.002048221268286743,0.0,0.0024575685431227345,0.007988799209355912
378,0.005634624537484756,0.004923462536925882,9.914733293681088e-05,0.009176273888445996,0.0032659596774706756,-0.0014135487763043963,0.009732630028945755,0.0006839945280436854,0.013560101126177893,0.00939619249938728
379,-0.015816793893129732,-0.028614129896866403,0.0005948250223060114,-0.0046138434568187,-0.017283637860603607,-0.008303768679037371,-0.018228854528746674,-0.016176805650489845,-0.016855631141345473,-0.008094544277157167
380,0.0027302060064531286,0.008732156139510616,0.0008917071237490859,-0.009725273130183232,-0.0029839011123571346,-0.003195231639362861,-0.004674893937389957,0.0031264474293655198,0.007457522872299505,-0.0038354822914966613
381,-0.0015470297029702706,-0.006292929292929239,0.0009899029895070743,0.0011628588738834544,-0.012023037691576755,-0.005356436711363544,0.004241987498913913,0.005194505367655644,-0.0030525030525030417,0.0025395265011878276
382,0.009668422683607014,0.006332781036217705,0.0001977848101266666,0.009233502191248633,0.012803988406403954,0.0016625704785311335,0.006524405449557902,-0.008038585209003246,-0.0030618493570115923,-0.0016342539630658237
383,-0.009268921490393489,0.0,0.0002966185485466788,-0.01246627143395973,-0.009631782945736411,-0.0038187678910779344,-0.00016685627607126996,0.009029868025005827,-0.0009981572481572165,-0.004174169258471139
384,-0.006737918215613425,-0.00911111111111107,0.0014826529603637617,0.0,-0.004500714243782178,-0.0008451605503202453,-0.0021492652041549265,-0.011473152822395583,-0.002766889554991936,-0.008218952905399868
385,0.011306042884990264,0.0013965626210523663,0.0010856691669955953,0.001655077857212861,0.012993139779450713,0.0024711647100761347,0.009238940385268402,0.012999071494893322,0.020423892100192687,0.01135327753376969
386,-0.0060447185813415905,0.009568890924823048,0.0004929508035098618,0.001339473401186897,0.004889975550122161,-0.0016514181704215813,0.01963944963342379,-0.004582951420714965,-0.00045317220543805714,-0.0042608980662077744
387,0.00046541934282795516,0.005676833879505905,0.0006897910918408634,0.00035150757694113466,0.010852353918047397,-0.0020646688078046482,0.005102166450793089,-0.0057550644567219145,0.002644703037630425,-0.0004937458854509247
388,0.011676590993673353,0.010808317792616595,-0.01457410142786808,0.013079295670167523,0.0012225873003743892,0.004089484700729562,0.005919044329134149,0.011808288955776902,0.01838872560102489,0.017124979417092012
389,0.022884382520194313,0.009313997778130467,0.00019986009793138138,0.02064706335748423,0.004477346154824646,0.01153164877272883,0.01516841618159237,0.03752860411899306,0.022496854880485362,0.01748421563865965
390,0.046662870500794096,0.013463711856911198,0.0007992806474172998,0.008514655213102351,0.01405597062175512,0.02219283825316265,0.03619325460992573,0.029333921482134873,0.03553593399435484,0.01996817820206842
391,0.0046959111212918625,0.003549090909090946,0.0007986423080763583,0.007038759980156684,0.0030719280719280206,0.00019811441690276155,-0.0025514929243535267,-0.006856653096207421,-0.004193458205199896,0.006473753997348064
392,-0.006725946192430499,-0.00835821472398568,0.0004987531172069293,-0.003922334067609112,-0.007693648382839924,0.007649197212965753,-0.0004085403503233387,-0.0045307443365695255,0.0038601909039865934,0.0037197768133911957
393,0.006168942958797219,0.0033714653206788903,9.970089730804155e-05,0.007250366250804774,0.012175691273146994,0.0071112652848841496,0.005067041934300187,0.006393584742089287,0.018038173809690194,0.008492896849907394
394,0.007599737645079374,0.01585868002952262,0.000598145748180734,0.0017601719410065275,0.01010802134397637,0.0032377507965211105,0.011838967856416804,0.004199418542047972,0.023830780852963418,0.009646302250803762
